Algorithm: Kruskal's MST
MST edges:
415 6925 1
5721 8546 1
4705 5701 1
784 3381 1
6240 8256 1
3907 8193 1
6647 8631 1
1334 3764 1
7028 9673 1
5175 9580 1
1613 7625 1
6780 7716 1
626 688 1
7642 8295 1
2729 4974 1
582 8665 1
2702 4439 1
2407 4588 1
2276 4012 1
915 4967 1
1047 2915 1
2609 2941 1
1683 6055 1
288 4623 1
4430 9316 1
2664 9094 1
2016 4143 1
4444 4988 1
9403 9428 1
2232 6374 1
1380 8841 1
9369 9616 1
412 2470 1
1726 5391 1
3192 4227 2
3755 9105 2
658 7901 2
6253 7421 2
1312 6643 2
6827 7232 2
7471 8318 2
3894 9101 2
935 8673 2
1961 3719 2
4499 8416 2
206 476 2
5515 6785 2
4178 5393 2
7914 8852 2
581 4079 2
4354 8691 2
3798 9939 2
2551 8336 2
2223 7182 2
64 9562 2
643 2746 3
5309 5673 3
4462 8384 3
3828 7128 3
4948 7443 3
4083 5861 3
5285 7936 3
3936 7753 3
261 3997 3
3270 5987 3
490 6242 3
3912 6466 3
847 8041 3
920 5028 3
220 9926 3
1698 2060 3
2944 6369 3
6335 7126 3
1347 4218 3
2162 2653 3
2964 8763 3
8949 9075 3
4755 5051 3
1838 2577 3
1317 4114 3
3000 7611 3
643 6798 3
3708 9462 4
1608 2544 4
4845 5319 4
927 1191 4
1965 9525 4
3067 6163 4
911 2914 4
674 8117 4
1143 5562 4
4157 9168 4
7726 8752 4
4717 5682 4
3650 9210 4
217 9597 4
573 7791 4
3656 5667 4
3518 3896 4
2849 8847 4
8973 9086 4
1674 6423 4
5266 8127 4
2379 6703 4
2963 3000 4
4048 9418 4
1039 5534 4
936 2170 4
1904 6113 4
1238 8122 4
5705 9548 4
4309 5507 4
5804 6563 5
1489 7727 5
333 6058 5
3034 7547 5
1023 7713 5
857 4765 5
4529 5884 5
2162 5071 5
1025 8628 5
5677 8840 5
170 9351 5
4903 6324 5
196 4196 5
5946 7215 5
2695 4676 5
9115 9823 5
8048 9990 5
1222 6030 5
7197 8672 5
7424 8458 5
4613 5505 5
1783 8306 5
661 7998 5
88 517 5
9242 9890 5
3352 9655 5
2464 6621 5
2822 2831 5
7613 8487 5
5557 7560 5
6657 9396 5
490 2889 5
9445 9618 5
5156 8885 5
3312 6369 5
2364 2822 5
322 7423 6
5595 6528 6
1745 4680 6
19 1217 6
1123 2887 6
741 7500 6
31 8124 6
2583 7529 6
4006 9054 6
942 9940 6
284 8179 6
135 3442 6
635 5393 6
4644 9297 6
931 2085 6
6761 8643 6
3322 6242 6
3938 4929 6
6568 9763 6
6030 9594 6
5898 9188 6
1963 8640 6
5361 7145 6
1 4950 6
6443 6622 6
6979 9097 6
2885 4855 6
6463 6677 6
4866 5723 6
2217 8433 6
2739 8805 6
2230 3861 6
2727 3212 6
7753 9146 7
1802 5437 7
1901 7450 7
2968 7119 7
1032 1610 7
4654 8836 7
5630 7721 7
557 609 7
4418 9833 7
7341 8958 7
1483 9374 7
1286 3734 7
866 7757 7
182 8966 7
180 1323 7
2127 7360 7
7317 7820 7
391 438 7
4327 8526 7
5111 7859 7
3052 9249 7
6994 7087 8
94 6773 8
1498 2621 8
339 2248 8
3201 4776 8
8649 8987 8
5340 7659 8
3302 5285 8
834 8569 8
7300 8561 8
4005 7326 8
170 1760 8
1670 3459 8
5135 8275 8
1260 4796 8
3970 4508 8
3768 4362 8
4922 5984 8
394 7250 8
1477 9531 8
5961 6773 8
723 7404 8
6327 8289 8
2097 8501 8
464 6015 8
1616 6255 8
3360 8853 8
433 2535 8
4774 8533 8
6351 8828 8
2206 9189 8
3090 6225 8
5 9728 8
4210 6015 8
4435 5392 8
370 724 8
487 905 8
3048 9797 8
2290 4094 8
6355 6983 8
3033 7407 8
5911 9513 8
1657 5968 9
2090 4745 9
4377 6037 9
5388 9946 9
2927 7302 9
453 4783 9
7582 8839 9
5000 9897 9
1764 5963 9
4562 8970 9
1221 6950 9
196 843 9
4150 8125 9
1417 8203 9
322 9324 9
902 8660 9
803 9441 9
830 938 9
5230 8870 9
4206 9622 9
5733 6624 9
4871 9312 9
1050 5668 9
1513 1902 9
820 9766 9
59 1363 9
4245 7055 9
6056 9038 9
643 9547 9
3086 7013 9
11 470 9
5238 9266 10
4115 9009 10
517 6587 10
5565 6347 10
2265 6800 10
6954 8394 10
2966 3956 10
316 9796 10
2263 9660 10
961 9804 10
674 1860 10
2290 6660 10
861 4335 10
7472 8979 10
2380 3701 10
2066 8634 10
694 2971 10
5901 8070 10
1720 6002 10
7634 8001 10
606 1119 10
29 6545 10
6011 9606 10
1135 3823 10
1922 7866 10
1833 9949 10
3372 6976 10
1976 3881 10
1783 8269 10
7876 8040 10
4655 6722 10
1295 1327 10
6775 8413 11
451 5038 11
3652 8608 11
660 5054 11
6423 8461 11
7578 8337 11
2514 5721 11
3455 3770 11
762 1685 11
4913 5422 11
4085 6533 11
1290 1322 11
2031 6988 11
4188 9941 11
5780 6375 11
4830 8485 11
1267 9295 11
333 1171 11
4700 5190 11
2384 5306 11
2572 8441 11
844 3983 11
1858 9883 11
5054 8640 11
140 8826 11
2597 3745 11
5582 6197 11
690 1000 11
7476 9253 11
3134 6833 11
5251 6611 11
4318 8145 11
3470 4590 12
1375 8964 12
2273 7354 12
3788 5108 12
2686 4357 12
2187 5199 12
523 8132 12
1422 8113 12
1721 9275 12
3366 8064 12
4832 9802 12
5284 9611 12
6314 9815 12
388 2100 12
3836 5360 12
3854 7541 12
1302 9756 12
4275 7260 12
3881 9545 12
3307 5522 12
4933 7591 12
1117 8367 12
5452 7951 12
4029 8352 12
8622 9587 12
2774 6192 12
5712 7213 12
4409 6167 12
398 9176 12
637 1394 13
424 2890 13
6584 6832 13
3140 8557 13
5673 7831 13
1427 7564 13
681 8802 13
2211 2935 13
7475 8104 13
4532 6663 13
4933 7444 13
3714 4781 13
7538 8687 13
2580 9288 13
1585 5075 13
3021 3233 13
4289 9123 13
56 944 13
5156 8309 13
1881 8910 13
2938 9492 13
5750 9960 13
7672 9696 13
6658 7542 13
3140 4862 13
4431 8708 13
1128 5109 13
2760 3615 13
148 4093 13
4215 9175 13
934 5239 13
6176 8452 13
3911 8700 14
1794 9077 14
1252 7107 14
610 5464 14
1536 7405 14
1279 6672 14
1576 7601 14
4982 8425 14
2479 6095 14
3886 4652 14
3882 9851 14
2949 7767 14
186 7605 14
1247 7349 14
3782 8522 14
1394 4946 14
9218 9990 14
6668 9278 14
5303 6415 14
2027 6093 14
4419 7144 14
247 4661 14
6515 9276 14
4255 8341 14
3719 7251 14
830 6301 14
5092 5756 14
5325 8867 14
6513 7210 14
4515 9006 14
2939 9451 14
572 8352 14
2038 6253 14
127 9577 14
1085 5221 14
1103 1399 14
4911 6610 14
457 4848 14
3015 3232 14
141 1964 14
325 1107 15
2183 8149 15
1220 2500 15
1805 2888 15
7717 9409 15
6119 9547 15
2160 7782 15
4370 8075 15
3977 4135 15
844 5839 15
2585 9071 15
294 2311 15
321 3193 15
5380 7662 15
3002 7028 15
3427 7771 15
3123 5614 15
2890 2921 15
420 4006 15
1759 6815 16
3531 8262 16
786 6126 16
1814 2871 16
2151 8774 16
663 8245 16
7188 7820 16
8819 9712 16
3121 8876 16
5160 9426 16
1222 9580 16
6233 6522 16
4693 7753 16
6229 7547 16
2081 5315 16
2721 4400 16
540 7891 16
2724 7583 16
1195 8929 16
851 1375 16
3928 5280 16
3557 8471 16
2112 4870 16
726 9764 16
103 9760 16
548 8082 16
4614 7206 16
2189 3892 16
7733 9435 16
7144 7567 16
3446 8620 16
1365 9914 16
6259 7840 16
9239 9886 16
4822 6857 16
2051 4523 16
1800 4153 16
506 5089 16
2052 9924 16
2242 9525 16
1505 4170 16
1540 9784 16
4396 8157 16
5685 6795 16
2053 7773 16
1444 4580 17
5436 5939 17
2803 4747 17
3550 8632 17
3198 3941 17
2842 9190 17
7532 8158 17
1516 4139 17
1081 7201 17
985 7373 17
2654 2875 17
6798 8101 17
3304 5634 17
1469 2688 17
7187 9991 17
456 736 17
7222 8987 17
4971 9519 17
1590 7308 17
2220 6883 17
976 7506 17
9639 9789 17
175 1965 17
6129 6649 17
9202 9395 17
514 2991 17
355 5612 17
4475 8218 17
35 4606 18
3212 8569 18
2901 8713 18
2412 8801 18
5058 8630 18
8477 9389 18
2677 7097 18
453 3321 18
315 7659 18
4563 7658 18
6373 9707 18
1543 9638 18
5669 7978 18
642 694 18
1812 3029 18
262 4732 18
3171 6670 18
1861 5582 18
478 5338 18
6530 8196 18
1699 3636 18
723 3831 18
541 4154 18
1699 2015 18
406 4450 18
2619 2880 18
1395 7401 18
4910 5818 18
4363 4694 18
560 6007 19
4082 5027 19
3793 6867 19
9120 9944 19
1752 5703 19
4364 6361 19
1680 4988 19
260 9597 19
1691 3233 19
8074 9046 19
2223 3760 19
3467 6062 19
2048 6048 19
4173 9160 19
1036 9648 19
1522 2524 19
1148 8770 19
4646 8008 19
6000 9988 19
2963 9814 19
5527 6142 19
4609 9094 19
5959 8230 19
3862 9223 19
1622 3039 20
6237 9696 20
6936 9343 20
362 5246 20
1360 2952 20
5047 8321 20
4141 4631 20
211 3138 20
6385 9479 20
1123 2304 20
432 1294 20
1312 4856 20
1694 9573 20
2760 3274 20
591 3097 20
517 8650 20
6969 7919 20
370 5042 20
1975 5997 20
3223 6438 20
100 5239 20
531 4666 20
1534 2263 20
6791 7919 20
5033 8721 20
3099 4360 20
3407 3831 20
309 7951 20
2115 7106 20
3838 7248 20
2597 3777 20
3044 7597 20
689 1197 20
2690 9618 20
1012 9815 21
1325 8756 21
667 921 21
3021 6953 21
5033 9751 21
1512 6016 21
2823 9601 21
219 5235 21
4899 7907 21
2162 7488 21
613 3894 21
1069 9691 21
1473 4356 21
2925 7139 21
687 3324 21
136 8519 21
923 3382 21
8084 9980 21
1770 4591 21
948 1703 21
3699 6321 21
3998 9997 21
782 5517 21
542 3306 21
3215 5010 21
5697 9663 21
5069 8909 21
1117 4552 21
451 6500 21
5993 9733 21
3053 9892 21
3814 5304 21
3456 9978 22
25 4702 22
9118 9576 22
6122 9293 22
9202 9425 22
2613 9417 22
4779 8272 22
1946 5933 22
2051 3583 22
5660 6999 22
1691 7198 22
4605 7862 22
6949 9536 22
5760 6246 22
743 8075 22
2778 3005 22
712 9500 22
4267 4274 22
4032 8275 22
2482 3680 22
1042 6073 22
871 5849 22
8417 8858 22
2947 9790 22
87 3752 22
683 4924 22
2343 6506 22
5492 9572 22
2155 4115 22
5415 9547 22
387 9665 23
979 7843 23
1648 3177 23
1327 7811 23
1496 9855 23
3033 9506 23
329 7519 23
2532 4233 23
4215 5867 23
753 7514 23
20 1594 23
2300 3957 23
1159 5677 23
2128 6591 23
1177 3391 23
1152 3522 23
3149 6060 23
6504 8654 23
960 6689 23
181 8273 23
1270 9540 23
589 9232 23
1262 6303 23
302 3933 23
7111 9975 24
5771 8891 24
4986 9201 24
126 7099 24
3745 7037 24
1638 3053 24
606 1594 24
2197 2420 24
5788 7942 24
3290 7103 24
1522 8932 24
1193 7307 24
1583 6958 24
538 6058 24
1709 2503 24
1029 7842 24
3214 6307 24
7750 7786 24
3792 4444 24
1734 3797 24
2462 5045 24
2000 7180 24
262 1276 24
12 8562 24
8409 9616 24
1871 3553 24
3201 9610 24
3166 5553 24
3116 6037 24
145 7022 24
6130 9579 24
1143 2429 24
116 9870 24
1336 7407 24
6688 7767 24
8742 9799 24
2729 5053 24
1076 3967 24
3301 3468 24
6944 8725 24
2006 6407 24
5688 6640 24
4667 7681 24
1949 5243 24
4582 6545 24
8133 9267 25
8 9832 25
578 2911 25
187 5495 25
1450 2817 25
794 5082 25
36 9962 25
2676 7680 25
1605 8937 25
3107 6561 25
689 9333 25
9394 9587 25
6267 9725 25
4828 7700 25
5034 7249 25
536 2905 25
5273 7140 25
3576 9782 25
4310 7912 25
5803 9306 25
654 2702 25
5133 8896 25
2430 3357 25
3660 5602 25
7152 9843 25
3091 8956 25
2922 5922 25
837 6680 25
2938 9271 25
1180 3478 25
4358 7642 25
631 8738 25
6417 8771 25
3956 5399 25
6402 6721 25
5219 9011 26
3321 9676 26
2450 9624 26
6766 9412 26
5161 8457 26
9199 9732 26
5223 6324 26
3082 7931 26
5918 6070 26
689 5834 26
1034 8115 26
720 8169 26
6838 8067 26
2050 9419 26
2186 5450 26
1227 2986 26
2578 7300 26
2935 5528 26
4422 7754 26
4892 8302 26
2605 5003 26
5714 6764 27
6118 8279 27
7594 9161 27
136 6576 27
92 7314 27
1662 6841 27
3145 5951 27
3177 6678 27
5125 8225 27
8610 9769 27
3229 8298 27
3181 6435 27
699 2774 27
2239 4010 27
2557 6120 27
1864 8753 27
4693 6415 27
4689 9610 27
354 7221 27
4071 9644 27
650 2139 27
9011 9563 27
589 2673 27
6046 6965 27
8247 8467 27
826 7355 27
87 2731 27
1074 9350 28
1386 7906 28
3626 6936 28
2365 2708 28
2114 8597 28
1319 3423 28
1921 4344 28
8709 9119 28
1794 4747 28
2580 4150 28
2565 4727 28
3119 3902 28
608 9817 28
4983 8867 28
923 9519 28
4442 4582 28
8379 9577 28
2807 4019 28
3470 7567 28
5913 8681 28
4416 7529 28
2347 3336 28
5340 9358 28
5054 7152 28
4207 5047 28
5236 8891 28
840 7325 28
7361 9888 28
3532 7872 28
657 4953 28
2390 8746 28
7432 8891 28
3686 6253 28
2165 6504 28
6865 7608 28
1055 7657 28
6887 8065 28
6 8632 29
2857 6821 29
1894 2840 29
2909 3408 29
190 5330 29
7777 8808 29
911 2912 29
3013 9270 29
4152 7423 29
4861 6693 29
4405 7294 29
3324 6499 29
42 8243 29
4938 6453 29
3539 6033 29
29 7129 29
3640 4657 29
1329 4184 29
1965 6174 29
3974 4441 29
4634 6724 29
5883 6782 29
3978 4990 29
1085 9844 29
669 4029 29
2315 2906 29
2312 8049 29
6462 7751 30
8789 9981 30
5785 7160 30
1673 3607 30
5278 6517 30
6734 9394 30
4096 8323 30
490 8822 30
134 5211 30
1900 4485 30
5975 6704 30
16 4850 30
776 7500 30
5500 9635 30
672 1178 30
212 8049 30
2698 6717 30
628 8648 30
2030 5809 30
1334 3522 30
2218 5544 30
7309 7688 31
3203 8343 31
5982 8564 31
1215 3586 31
1278 9665 31
4793 6113 31
885 1619 31
4214 9206 31
115 1607 31
2627 7948 31
3630 3769 31
3691 9431 31
5667 8100 31
5556 8877 31
6208 9363 31
4495 9206 31
1154 1750 31
5827 7732 31
743 7502 31
1979 6446 31
1969 4611 31
220 1197 31
1767 1971 31
2377 5883 31
1908 5451 31
2131 4048 32
919 7008 32
8950 9002 32
1713 2716 32
3216 7294 32
6029 7557 32
3122 3439 32
4128 7382 32
7646 8427 32
27 4482 32
6905 7292 32
6576 9896 32
9246 9760 32
2135 6676 32
1566 4236 32
2447 6857 32
5312 7003 32
1769 8462 32
3367 7019 32
5116 6058 32
3226 3821 32
1750 7945 32
213 1230 32
2004 4659 32
5116 9226 32
3984 7494 32
2330 7382 32
2025 6536 32
1800 3394 32
5325 9565 32
4125 8022 33
657 3441 33
6189 6920 33
187 7811 33
991 5759 33
1091 8941 33
1313 8925 33
4828 7401 33
219 3739 33
1404 2572 33
9182 9760 33
1751 3768 33
7784 8136 33
1438 5688 33
2074 6276 33
1351 1716 33
6453 6869 33
3024 9195 33
1813 1950 33
5640 6788 33
3581 9758 33
7223 8643 34
4666 6259 34
16 9266 34
881 2095 34
3122 6020 34
9649 9935 34
2184 8514 34
4597 5525 34
8647 9193 34
4513 6401 34
4039 7190 34
71 1565 34
2134 8321 34
9483 9987 34
2463 5251 34
2537 9498 34
5182 5267 34
5029 7547 34
1530 6429 34
215 2735 34
7260 7296 34
2806 7722 34
3602 9739 34
2473 2632 34
5036 6147 34
2459 9603 34
1537 2298 34
2664 5701 34
2901 9640 34
3477 9925 34
2896 8442 34
3247 6433 34
1160 9314 34
3492 6585 35
5243 8534 35
4638 9380 35
5734 7814 35
3550 4275 35
3354 7785 35
7593 8375 35
3356 7753 35
831 5477 35
245 4751 35
1141 7946 35
1146 1205 35
7242 9870 35
499 5533 35
232 7372 35
1295 8465 35
6656 8897 35
3875 7904 35
3285 4267 35
4785 6051 35
175 2246 35
4981 9157 35
5702 8793 35
6177 7502 35
7642 8459 35
280 4652 35
230 9616 35
207 2282 35
3625 4016 35
1340 8996 35
378 6381 35
6117 7424 35
2612 4068 35
5895 8077 35
1279 1979 35
633 2890 36
1941 3732 36
1938 6403 36
4531 5464 36
2402 6855 36
4844 7104 36
2724 5491 36
3853 7621 36
1572 3373 36
7289 8583 36
1580 5547 36
8295 9227 36
926 8643 36
6802 9710 36
332 487 36
1467 2834 36
3206 6290 36
2627 5296 36
2111 6818 36
5238 9640 36
1450 4069 36
5656 8623 36
5103 7120 36
2730 6582 36
4688 6214 37
4761 5889 37
4001 7501 37
3315 8090 37
216 3351 37
3412 9504 37
3478 6583 37
6918 9914 37
3726 7290 37
3818 9568 37
6756 9854 37
6710 8100 37
4616 9077 37
6087 9913 37
4966 9149 37
917 4689 37
6481 9521 37
860 6528 37
333 7232 37
4430 6119 37
194 657 37
2495 9936 37
1556 5584 37
2723 7119 37
1858 2744 37
5956 6638 37
5319 7999 37
1840 7265 37
8481 9591 37
2916 4254 37
9212 9708 37
5599 8549 37
2177 4215 37
2615 9980 37
5893 9259 37
1525 6606 37
1660 5494 37
5620 7096 37
2852 8811 37
1772 3708 37
5559 8622 37
2246 8385 37
5396 7973 38
689 9207 38
2755 9564 38
5003 5184 38
3001 3570 38
4468 6852 38
176 6285 38
4176 5173 38
8546 8852 38
261 1882 38
6973 8020 38
2517 5951 38
2 1353 38
5370 5655 38
742 5752 38
7047 9471 38
5792 8518 38
1546 8636 38
6644 7249 38
1671 6042 38
5430 9416 38
1229 9794 38
1343 5759 38
1956 5941 39
8927 9133 39
3231 9999 39
835 9413 39
3543 9109 39
2304 4119 39
4579 5844 39
2841 7756 39
5940 6143 39
3221 6103 39
777 7631 39
2950 5080 39
4664 6837 39
5717 9455 39
91 1331 39
4472 7023 39
5918 9563 39
2653 7674 39
7131 9576 39
4866 9597 39
4539 9985 39
3164 6450 39
5335 5363 39
73 334 39
5111 8538 39
6360 8770 39
5590 8787 39
1721 9367 40
2226 7458 40
4341 7475 40
863 7178 40
1330 6471 40
2611 8675 40
3960 9940 40
9522 9831 40
4591 8385 40
5075 9251 40
1698 4330 40
4157 4409 40
7435 9570 40
5846 7367 40
531 6122 40
2580 6350 40
967 2151 40
87 3620 40
1944 2819 40
930 7462 40
2984 5415 40
92 2291 40
2616 2788 40
4981 6617 40
3024 5054 40
4390 7380 40
2067 5000 40
8894 9199 40
618 1092 41
7051 8803 41
7397 9438 41
2325 3279 41
5691 9414 41
2492 7671 41
2909 6963 41
3961 9021 41
1352 9722 41
4337 9068 41
4326 5539 41
6416 8681 41
1022 3290 41
2792 6658 41
3369 5991 41
753 5118 41
5409 7908 41
3757 9672 41
2818 4806 41
3299 4173 41
5 3166 41
774 8284 41
3740 5580 41
758 9614 42
1442 8061 42
702 1693 42
6326 6862 42
2735 3009 42
6068 7706 42
1144 6858 42
3614 4775 42
2848 7529 42
2512 8414 42
1515 1835 42
771 3229 42
551 7959 42
655 1574 42
1435 3517 42
493 4899 42
5609 8318 42
2356 6779 42
3938 5678 42
9207 9321 42
4070 9950 42
5236 5416 42
336 9752 42
4059 4804 42
3132 4037 42
1269 9883 42
6199 8731 42
960 2912 42
333 8122 42
2443 7598 42
1585 2627 42
3096 5781 42
6217 9413 42
1690 3812 42
1691 6121 42
1567 7129 42
1843 9436 43
5198 9602 43
4102 6579 43
398 8927 43
7917 9227 43
1018 3375 43
616 8505 43
5906 8496 43
8355 9335 43
1019 8955 43
2358 7387 43
6374 9021 43
8049 9265 43
968 9847 43
1251 9673 43
1465 8576 43
2517 2987 43
960 3979 43
1597 5963 43
2408 5590 43
262 3025 43
3256 4272 43
3996 5639 43
865 3269 43
5756 9035 44
2674 3183 44
1439 6191 44
2036 3103 44
966 5611 44
851 1906 44
4948 8697 44
2303 4009 44
5313 7317 44
6952 7558 44
2710 4608 44
1499 7610 44
410 9312 44
2033 7907 44
219 5960 44
1096 4155 44
543 3490 44
4435 8598 44
205 7612 44
3788 7626 44
3408 7191 44
4812 5125 44
4753 8189 44
100 2974 44
2718 8754 44
2284 9657 44
3827 5452 44
6044 8626 44
2874 6064 44
4546 6522 44
1385 7239 44
131 7281 44
5553 9047 44
5980 8777 45
70 1363 45
691 8012 45
3360 7831 45
321 7824 45
5313 8215 45
1259 4103 45
4353 4451 45
4604 9934 45
4622 7322 45
1932 3908 45
238 7934 45
3060 3611 45
24 1676 45
3706 8893 45
2320 2920 45
1989 9172 45
543 7582 45
1184 2030 45
1328 7015 45
719 9618 45
1093 9553 45
5665 6642 45
246 3507 45
1175 4597 45
89 3454 45
2397 5008 45
6514 6738 45
1025 2486 45
3453 9335 45
1701 3003 45
60 3967 45
822 8773 46
4156 5204 46
3411 9511 46
5806 9409 46
799 6341 46
2499 8238 46
8298 9170 46
196 4629 46
8593 9832 46
3261 3677 46
443 8642 46
6676 6963 46
4700 7913 46
6287 6510 46
2559 7014 46
3186 8941 46
636 8823 46
4742 6781 46
7138 8875 46
2235 8524 46
2319 2706 46
4518 9547 46
1889 4703 46
2964 6509 46
2365 8583 46
8344 9979 46
191 445 46
136 388 46
398 6365 46
1390 1513 46
1644 5647 46
9736 9884 46
3743 8845 46
8707 9568 46
658 3627 47
7052 8887 47
1438 6062 47
4618 9395 47
3921 4865 47
1052 7058 47
4758 4866 47
3676 7354 47
4386 5259 47
1355 7287 47
5745 7317 47
4052 4668 47
96 2333 47
2323 4958 47
2307 4527 47
2042 3007 47
1979 3158 47
152 782 47
856 5386 47
6922 9823 47
826 8726 47
690 806 47
1164 5095 47
2098 5841 47
5761 8121 47
4151 8830 47
6999 9613 47
6114 6992 47
3133 4593 47
3606 4954 47
4846 5695 47
976 2530 47
35 2932 47
3105 5852 48
1080 8527 48
6913 8395 48
7907 9877 48
7971 9276 48
1512 7863 48
2046 6881 48
3663 5531 48
1776 8785 48
9150 9232 48
1176 4945 48
51 4437 48
1903 8843 48
1532 6284 48
2381 6729 48
3839 6986 48
5793 6551 48
5262 8640 48
1553 9193 48
1200 3006 48
2714 5744 48
1149 8081 48
911 6708 48
1245 7820 48
2019 5763 48
641 6033 48
2802 2839 48
272 6773 48
4282 4807 48
532 890 49
5549 9353 49
4643 8835 49
3349 8453 49
635 7423 49
4178 8252 49
6015 9970 49
4286 5464 49
1649 3182 49
372 7926 49
280 2100 49
2873 9643 49
515 1356 49
8433 8881 49
1002 5421 49
3127 6154 49
131 3715 49
1153 8893 49
1702 6548 49
3053 5593 49
7104 9247 49
2872 3950 49
1561 8383 49
3183 8427 49
268 3196 49
7492 9672 50
594 2371 50
5270 7253 50
4289 7532 50
5414 9184 50
8702 9547 50
1682 9870 50
4046 5040 50
3940 6237 50
8744 9860 50
976 4799 50
803 7393 50
1284 2195 50
1952 2872 50
1578 5311 50
3967 4195 50
2500 3196 50
71 3284 50
3725 6899 50
6262 6625 50
2312 6369 50
3383 8469 50
1757 5415 50
1641 3639 50
1031 3849 50
3368 3641 50
365 7481 50
1061 3357 50
1970 6294 50
229 9165 50
2896 3793 50
6301 7093 50
3271 3645 50
4870 7525 50
1192 6350 50
4814 5985 50
8387 9898 50
2261 6809 50
9132 9248 51
3669 6558 51
5026 5572 51
106 8219 51
5510 7879 51
8143 9322 51
2484 9933 51
5020 9065 51
2698 7222 51
512 7481 51
164 4882 51
1866 2707 51
7688 7921 51
6429 9209 51
124 1556 51
4344 8284 51
2046 6258 51
2636 6337 51
7937 9669 51
1894 4054 51
2594 6732 51
4089 7751 51
2889 8744 51
3277 5133 51
2920 7684 51
3170 6378 52
2251 9451 52
4234 8327 52
7323 7351 52
1190 7142 52
4931 6399 52
1834 5514 52
242 2050 52
8677 9077 52
2247 8200 52
3791 7665 52
4009 7678 52
6329 8795 52
7147 8804 52
558 1013 52
9021 9338 52
5504 7018 52
3648 5932 52
5937 8857 52
2082 6076 52
235 6624 52
139 9914 52
4963 8417 52
3106 8640 52
4984 9865 53
12 4474 53
8033 8819 53
7719 9154 53
5447 7193 53
158 4713 53
5206 7677 53
7102 8113 53
3181 5031 53
9609 9910 53
6420 7073 53
3481 5913 53
2095 8695 53
3507 5194 53
470 8321 53
405 3645 53
3119 9530 53
5390 6376 53
1450 5782 53
6451 9313 53
501 8999 53
7966 8319 53
2880 7234 53
6744 8145 53
661 9138 53
2527 5313 54
3540 8899 54
5290 9477 54
2542 2574 54
2914 7202 54
1424 1888 54
1755 2629 54
333 7848 54
2480 3830 54
517 2905 54
4170 6139 54
1569 3272 54
2505 4302 54
3161 4115 54
8574 9352 54
1575 4118 54
452 1742 54
604 6715 54
9653 9810 54
1839 7326 54
1508 4329 54
6133 9462 54
2526 7948 54
4223 7580 55
1175 3212 55
896 4691 55
7602 9925 55
6801 9184 55
3280 8894 55
2070 4881 55
3506 5113 55
3442 9550 55
8800 9499 55
5699 9613 55
1579 9825 55
4047 6256 55
9308 9382 55
6327 7994 55
6057 7541 55
3759 8984 55
3922 6239 55
417 8846 55
702 6902 55
2547 5132 55
3624 5492 55
2555 6284 55
3934 5760 55
2057 9361 55
244 7635 55
2385 5091 55
2495 3415 55
3417 6769 55
1426 1688 55
5814 9787 55
1151 9127 55
2209 9667 55
584 2062 55
2013 7645 56
4748 9316 56
5985 7052 56
969 1714 56
812 9640 56
5206 9650 56
1863 8001 56
6736 8626 56
4315 7995 56
1860 5293 56
5245 5676 56
510 9860 56
1419 2821 56
350 9272 56
2698 7245 56
28 1083 56
1054 8049 56
8024 8371 56
7083 9499 56
5317 6384 56
1895 4239 56
5838 7638 56
3669 6364 56
6820 9382 56
790 5476 56
4374 9293 56
41 6756 56
3250 6898 56
5026 5814 56
6049 6813 56
2035 8084 56
1947 3785 56
1501 5271 57
3043 5554 57
2692 9364 57
440 6381 57
918 2122 57
3053 7559 57
2161 3477 57
5904 8213 57
3138 7417 57
5064 8334 57
3062 5203 57
936 1925 57
773 9513 57
4576 5942 57
1113 4758 57
1619 1822 57
1674 7504 57
5788 8809 57
1591 2063 57
1531 1710 57
1380 5053 57
1195 9915 57
1190 2614 57
2146 5012 57
2059 8350 57
7035 9281 57
2412 4297 57
5261 5793 57
2710 5675 57
7061 9798 57
2351 4455 57
1843 9209 57
3423 6277 57
2052 4528 57
8342 8722 58
3950 7670 58
5554 8907 58
4388 7405 58
5665 9866 58
4885 6076 58
6633 8663 58
425 9888 58
2450 8988 58
4630 5532 58
1578 3568 58
5112 7633 58
1385 3478 58
1393 6867 58
618 9607 58
5862 7578 58
1045 7173 58
3206 5628 58
6355 9826 58
3758 7628 58
13 3298 58
29 8395 58
6010 8813 58
788 9455 58
1256 6206 58
7331 7537 58
5877 9572 58
1243 4933 58
2848 7474 58
6316 7016 58
2403 8621 58
5153 7675 58
5426 7931 58
4619 4895 58
491 1012 58
7633 8466 58
1291 8105 59
4557 9229 59
768 9588 59
5871 6854 59
4404 8608 59
171 6930 59
776 5068 59
3199 8626 59
1232 2795 59
3623 6234 59
1113 2685 59
2125 6660 59
4642 9806 59
508 5565 59
875 6308 59
834 5960 59
869 3492 59
507 3969 59
5678 7959 59
543 6367 59
8562 9360 59
8137 9468 59
970 9732 59
751 3178 59
4207 9106 59
5489 8910 59
1806 5584 59
3065 5368 59
5120 7957 59
8085 9566 59
4257 6472 60
6981 7786 60
612 3343 60
1778 2349 60
1360 9029 60
1104 5522 60
6733 8538 60
7288 8515 60
3247 4286 60
4266 7955 60
859 4933 60
5281 8909 60
7037 7456 60
3427 5443 60
221 5290 60
1654 2116 60
8475 9556 60
2180 8118 60
7156 9375 60
3216 7010 60
8724 9130 60
6061 6428 60
8075 9634 60
603 635 60
464 755 60
8086 8790 60
2325 7983 60
378 2233 60
2429 9603 60
8191 9922 60
3878 4504 60
80 5108 60
2368 9519 60
2836 6262 61
525 9234 61
2314 8048 61
8477 8801 61
6624 8660 61
606 6393 61
3598 4395 61
4627 7157 61
939 7920 61
366 7597 61
1352 2705 61
5953 7703 61
1863 2590 61
5256 7730 61
3481 5715 61
1111 5034 61
2158 3139 61
1109 8247 61
6099 8935 61
1005 5069 61
1283 4405 61
2998 5993 61
6807 9705 62
5159 7611 62
9575 9909 62
3951 9452 62
4031 5095 62
6705 7332 62
6223 9011 62
6157 8698 62
7219 7908 62
5675 7481 62
4873 7679 62
7237 9355 62
3081 9216 62
98 3093 62
3797 7500 62
6422 7539 62
4365 8256 62
2604 8044 62
131 6367 62
1524 8724 62
8415 9972 62
4306 6735 62
6300 8400 62
1930 4378 62
1961 3353 62
2939 8647 62
510 5973 62
6156 8604 62
3141 9524 62
2313 9016 62
1261 8907 62
3413 4330 62
170 9707 62
5040 5457 62
4543 4731 62
763 5549 62
3551 4322 63
2546 4879 63
7636 8920 63
3920 4255 63
2004 9147 63
4319 5860 63
1692 4550 63
3234 4371 63
3545 8480 63
1087 7922 63
4840 9519 63
3171 5211 63
2403 7169 63
8550 9118 63
4031 7054 63
639 7172 63
3726 6077 63
8118 9543 63
3450 4111 63
2797 8850 63
3377 4542 63
132 6913 63
4435 8937 63
7758 8446 63
2654 9623 63
4881 6431 63
3807 6534 63
1153 9413 63
688 7776 64
616 4341 64
6139 8440 64
3394 7610 64
1276 6331 64
4755 5453 64
1688 2882 64
2976 5274 64
6464 6632 64
4358 8001 64
7464 8662 64
1838 4498 64
8348 9767 64
1429 2586 64
276 9638 64
7781 9226 64
9012 9666 64
2760 3791 64
6593 9682 64
822 9274 64
1403 7844 64
783 1087 64
3613 6396 64
4228 7163 64
2844 9579 64
3899 7911 64
8628 9129 64
4413 5798 65
4099 9965 65
2302 9044 65
4053 4348 65
4086 4401 65
570 4221 65
1630 6113 65
4135 4630 65
6100 9405 65
1031 1849 65
1219 1712 65
218 5857 65
2082 9474 65
4496 6097 65
989 8897 65
8580 8914 65
221 2150 65
1807 9750 65
3117 5226 65
2333 8236 65
4636 9946 65
6881 8838 66
7415 8620 66
1516 8450 66
5503 5628 66
2021 6484 66
8090 9928 66
1492 7422 66
657 1886 66
5229 8992 66
73 5983 66
7807 8344 66
7688 8423 66
7241 9943 66
9653 9971 66
5927 8188 66
2130 8419 66
8699 9637 66
2152 7645 66
5270 8982 66
4611 7586 66
3233 9140 66
1865 3893 66
8414 8739 66
3240 3663 66
6043 6524 66
1277 1563 67
6182 9107 67
723 1962 67
4822 5590 67
4822 7823 67
9420 9581 67
701 6058 67
6146 9259 67
1955 3418 67
4780 6216 67
1943 5074 67
3558 6701 67
5309 9185 67
4160 8289 67
2239 5970 67
1133 6466 67
7016 8564 67
1459 5964 67
590 1648 67
4961 8977 67
5939 8156 67
2831 7463 67
2130 7901 67
6720 9272 67
6802 7825 67
7567 9358 67
8083 8088 67
6792 7970 67
182 4748 67
2102 2309 67
859 7514 67
3096 4857 67
2636 8699 68
2198 4101 68
6561 8211 68
3761 4529 68
3060 3899 68
487 3514 68
3674 8424 68
4118 6775 68
3447 4259 68
3586 8682 68
2325 8314 68
5538 8872 68
3128 7649 68
7903 7981 68
786 6502 68
5018 7317 68
1598 6280 68
941 3520 68
48 2680 68
7141 7695 68
5726 9697 68
1663 9991 68
2898 4052 68
747 2807 68
326 2272 68
8550 9388 68
552 7379 69
3914 7993 69
124 5505 69
788 7212 69
1592 3194 69
1864 9389 69
561 4363 69
5031 9476 69
2335 2991 69
1309 8269 69
3280 7754 69
658 2647 69
288 5113 69
2105 9385 69
2011 3535 69
1524 3924 69
2386 2566 69
1707 6547 69
6550 8137 69
1169 2952 69
142 6959 69
2055 3840 69
5264 7686 69
4390 8842 69
422 4142 69
3079 4298 69
7688 9077 69
4522 6967 69
3488 7370 69
888 2000 69
7183 9413 69
1111 2844 69
2043 2416 69
6517 9455 69
4237 5055 69
59 5355 69
2886 3624 70
5427 7591 70
5990 8219 70
703 6533 70
2883 7274 70
5017 7049 70
1515 3414 70
3235 6783 70
7952 9135 70
3596 5747 70
7633 8112 70
446 2976 70
5394 8891 70
3534 4812 70
7835 8853 70
2945 7688 70
3344 9500 70
5777 7447 70
510 3106 70
44 1967 70
4109 7104 70
403 8537 70
1785 7484 71
1414 7174 71
1828 5763 71
4752 7940 71
826 9443 71
4636 7392 71
4406 6271 71
1149 3344 71
3991 9407 71
245 9764 71
2479 6168 71
4863 5294 71
4928 7977 71
6101 7772 71
2294 8470 71
571 2139 71
4719 7069 71
694 9152 71
1255 5381 71
1689 5104 71
9477 9965 71
4848 8692 71
3930 3945 71
6833 7110 71
5980 7639 71
3247 4095 71
1877 5617 71
3257 8403 71
1920 4039 72
1350 6615 72
2251 4577 72
2117 7369 72
1622 2151 72
864 5519 72
685 6848 72
641 7599 72
7062 7162 72
488 3294 72
8625 9459 72
590 7574 72
7169 7509 72
6544 9915 72
606 9451 72
3926 8653 72
2586 4634 72
4964 6730 72
2332 2443 72
1968 5317 72
1048 4335 72
2600 3096 72
5022 8624 72
6051 8046 72
4437 6000 72
3857 8712 72
5439 8344 72
1082 7758 72
5765 9760 72
3367 5410 73
440 7591 73
692 5946 73
2332 2338 73
6521 9879 73
1978 8115 73
4385 9665 73
5724 7718 73
330 4617 73
2826 8649 73
3921 4785 73
4503 7221 73
3775 6840 73
6804 9438 73
849 4980 73
1348 7315 73
78 5359 73
6660 7262 73
4041 9939 73
7483 8459 73
645 3049 73
670 1190 73
132 4771 73
2610 6014 73
2051 2320 73
4615 5510 73
2699 7829 73
2241 5100 73
5567 7285 73
4633 8438 73
3195 9621 73
4744 7588 73
242 4487 73
2664 4235 74
233 6377 74
6799 6815 74
7398 8225 74
6299 7897 74
3126 6168 74
4986 5353 74
1238 2900 74
4270 5500 74
1378 9691 74
2679 6514 74
1437 4375 74
7393 9061 74
61 5681 74
2521 6750 74
3309 5260 74
1504 7674 74
6723 8510 74
395 4091 74
2750 9788 74
3006 5623 75
1855 8683 75
1310 8434 75
5203 5577 75
4786 9163 75
1502 8674 75
4703 5604 75
7609 9411 75
50 709 75
1651 3886 75
5784 6371 75
1646 5213 75
473 7059 75
2255 8131 75
3960 9220 75
5464 6706 75
1517 2860 75
3659 4475 75
6315 7334 75
7264 7997 75
2612 4096 75
5353 7130 75
2645 5613 75
7854 9035 75
1429 1972 75
1903 3431 75
2743 9930 75
7151 9636 75
3332 4684 75
1200 5492 75
3438 4279 76
564 7944 76
5640 7608 76
5801 6478 76
5658 6931 76
539 3429 76
5033 5673 76
5409 9511 76
7287 9487 76
1658 3249 76
7589 8672 76
1110 5450 76
266 3938 76
8122 9966 76
1957 6502 76
927 2072 76
3841 4568 76
8782 9498 76
947 3606 77
7918 8954 77
2624 9884 77
39 4842 77
5711 8205 77
2807 2876 77
6074 6806 77
2107 9094 77
6373 8529 77
2760 3846 77
1452 6083 77
2749 3914 77
2066 4436 77
2190 2337 77
335 4110 77
63 5802 77
2071 2543 77
7153 8367 77
8814 9077 77
4782 4965 77
7285 7683 77
1314 2371 77
641 3034 77
2517 4052 77
7141 9261 77
2489 6661 77
3383 7224 77
551 9617 77
1427 8030 78
926 3847 78
2014 9267 78
2098 4850 78
1885 5730 78
3912 8442 78
5582 8777 78
1291 4229 78
5747 9010 78
9 6021 78
7391 8465 78
7177 7626 78
251 8100 78
5547 6996 78
4996 6245 78
3413 5805 78
6838 9452 78
1590 2995 78
1049 1714 78
1060 8135 78
415 4690 78
248 9025 78
6903 9027 78
2904 6609 78
5062 6156 78
4717 6235 78
4614 7063 78
2180 2883 78
731 4888 78
6160 9162 78
2620 8038 78
354 1924 79
5180 7950 79
2465 6488 79
1143 8604 79
4794 7058 79
3425 4542 79
5946 9972 79
2612 7437 79
3528 6255 79
1886 8542 79
2548 4286 79
7305 9500 79
1825 8396 79
3448 7427 79
3183 4871 79
1685 2650 79
679 9726 79
6071 6873 79
6834 7672 79
5941 8648 79
5740 8083 79
4369 4739 79
6288 8971 79
3159 8092 79
8201 8473 79
1229 6348 80
2630 9314 80
3633 7716 80
5897 7429 80
1416 4645 80
2014 7735 80
5026 8715 80
3669 4018 80
2487 8060 80
3203 3764 80
1904 5873 80
6632 7071 80
2820 5359 80
475 3493 80
2427 5385 80
5797 9558 80
2563 8517 80
1079 6846 80
8592 9508 80
7898 9052 80
1477 7699 80
4305 9760 80
5694 6320 80
1779 2522 80
169 553 80
341 4530 80
2693 6448 80
9012 9485 80
2716 3415 80
2725 6338 80
7416 7933 80
5125 8638 80
7927 8602 80
2004 9737 80
1524 6827 81
2478 6182 81
432 6880 81
861 8700 81
3629 3831 81
4702 7424 81
5123 5259 81
66 8871 81
4896 7305 81
1497 8451 81
658 1405 81
4309 5801 81
5338 7427 81
1036 2598 81
826 2292 81
5322 9265 81
2719 3652 81
3305 7879 81
5339 9039 81
2253 3475 81
8052 9079 81
5425 6800 81
641 4922 81
4037 7239 81
10 7085 81
5148 9817 81
345 8949 81
4216 5236 81
5088 7724 81
1255 6812 81
2161 3527 81
8405 9367 81
544 6556 82
1942 8089 82
5489 6349 82
4554 9512 82
645 1014 82
3252 5331 82
2624 6597 82
1873 8226 82
7138 7863 82
3593 5923 82
842 4920 82
456 6493 82
5356 7703 82
4187 6119 82
2258 6045 82
3958 7856 82
4053 9585 82
3069 3213 82
989 9695 82
318 1940 82
892 6261 82
4247 8606 82
5809 8758 82
4293 9398 82
4994 9100 82
6828 8562 82
692 4783 82
4521 9863 82
6131 6686 82
3318 9926 83
523 2537 83
329 5236 83
2703 6929 83
4947 9856 83
6395 6843 83
5368 5692 83
249 906 83
3027 4262 83
5558 7498 83
2710 5598 83
4895 5869 83
5484 6656 83
6562 6924 83
7337 9578 83
3760 8939 83
6079 6338 83
3767 8061 83
1386 7158 83
6849 8816 83
9905 9958 83
2341 3416 83
6053 9562 83
6779 9892 83
5403 6521 83
3631 3867 83
4777 9899 84
2354 6098 84
6426 8274 84
2216 6800 84
5220 9436 84
380 482 84
3219 4372 84
1175 9588 84
6473 7969 84
1049 7321 84
3762 7401 84
7778 9267 84
2634 3044 84
6383 9699 84
1992 5411 84
2257 4646 84
2790 5800 84
4408 6406 84
7719 8637 84
2806 2905 84
6604 7363 84
824 8004 84
1899 8806 84
6000 8182 84
4766 9172 84
5027 8393 84
1990 9319 84
8029 8618 85
1205 2749 85
3255 6731 85
3271 4052 85
378 7202 85
2003 8133 85
2341 6211 85
4917 9027 85
4966 7301 85
3654 9644 85
2760 6515 85
1377 5753 85
945 9811 85
935 4523 85
4937 6833 85
4934 8730 85
6738 7039 85
4157 9072 85
7694 8903 85
4219 8400 85
2911 4143 85
2671 5559 85
6746 9842 85
4790 6604 85
3794 9479 85
5866 9250 85
1166 5073 85
1388 8626 86
666 8181 86
4503 6237 86
2042 2291 86
1663 3612 86
2065 7643 86
4184 6507 86
6460 9465 86
2678 9883 86
6141 6404 86
7371 7777 86
703 8066 86
4702 8520 86
3407 7480 86
2937 8839 86
748 2275 86
4655 7295 86
4646 8695 86
5144 5978 86
1543 2058 86
2428 7166 86
1972 8046 86
364 4035 86
4992 9617 86
4779 6262 86
1587 5338 86
1703 3651 86
5838 8468 86
3056 7106 86
1083 6024 87
5653 8490 87
45 7613 87
1349 8929 87
5657 8469 87
2617 5122 87
5783 8649 87
589 7855 87
9019 9482 87
2819 6074 87
7360 8624 87
8225 9868 87
251 7182 87
1913 2805 87
317 5549 87
242 3334 87
2230 3415 87
877 7407 87
6008 9900 87
849 2734 87
2486 2711 87
5148 6384 87
4344 8604 87
4865 9956 87
800 2915 87
4828 7417 87
483 4094 87
1663 8431 87
6665 7838 88
4341 8188 88
87 5040 88
3751 8093 88
2317 8014 88
3893 8974 88
1847 4234 88
79 1654 88
3126 3309 88
2235 9085 88
1430 4560 88
762 8566 88
4160 8702 88
4557 5551 88
1641 6537 88
4894 5500 88
7930 8933 88
3615 7582 88
2445 7861 88
1235 1265 88
29 234 88
3406 3881 88
8065 9094 88
2484 4778 88
2230 3380 89
2591 9237 89
2955 6557 89
4214 8363 89
3644 5778 89
6457 9800 89
8854 9385 89
4333 9880 89
1497 2893 89
4387 7017 89
1298 8531 89
8645 8649 89
8050 9201 89
2179 3320 89
6311 9068 89
3225 5661 89
3202 8126 89
9784 9902 89
1480 9085 89
245 3771 89
2267 6539 89
4095 9566 89
8373 8675 89
2838 4746 89
680 5227 89
143 9541 89
4990 6499 89
766 7603 90
6277 7560 90
773 5847 90
1466 6392 90
1597 2058 90
1712 6072 90
4436 6517 90
2268 9093 90
6212 7326 90
5886 9292 90
835 3573 90
3261 4249 90
314 1324 90
4932 9944 90
2599 9531 90
1157 5518 90
56 1484 90
4901 6818 90
450 4252 90
5072 6531 90
2950 4126 90
1660 3941 91
5862 5904 91
3321 4165 91
5421 7604 91
8334 8573 91
5649 9158 91
2147 9724 91
2456 6356 91
8646 8717 91
1053 1670 91
936 9586 91
3172 4036 91
6732 8262 91
618 6998 91
1223 8284 91
6083 6400 91
4982 8253 91
5138 8759 91
3714 6035 91
3188 3664 91
3662 7837 91
1153 5441 91
655 4541 91
3655 6249 91
1922 7939 91
495 2665 91
3470 5033 91
1795 4234 91
1795 3572 91
7438 8368 91
1434 4478 91
4298 5442 91
6254 7434 91
4897 5641 91
165 1343 91
2696 6384 91
4777 7385 91
4916 9751 91
179 5689 91
3554 7076 92
2437 5104 92
3576 7312 92
6895 9811 92
728 7713 92
6890 8886 92
930 1265 92
5366 6933 92
1580 2280 92
5600 7701 92
6135 6450 92
4297 4357 92
2199 7727 92
1907 5525 92
3798 5721 92
4269 4578 92
4256 7589 92
1610 6529 92
1837 1922 92
6587 7209 92
1889 8113 92
3522 9445 92
5147 9033 92
139 7341 92
1186 7854 92
1389 6946 92
1171 4757 92
1166 6078 92
7103 7612 92
241 8435 92
5091 6210 92
3428 7466 92
1928 6547 92
8132 9384 92
1315 6420 92
5631 7846 92
5384 9654 92
4266 4479 93
7541 8667 93
1642 7043 93
915 7485 93
2067 9408 93
4129 6927 93
2060 9145 93
2733 5048 93
1428 7165 93
1883 6448 93
5729 6479 93
1813 4143 93
6167 7622 93
564 7678 93
6236 7645 93
7813 7851 93
1541 5990 93
4110 6395 93
2452 9658 93
3477 4574 93
6939 8102 93
5479 6188 93
6857 7922 93
3777 9491 93
3794 9533 93
4987 6100 93
3214 9196 93
3914 5852 93
7314 8363 93
4011 5907 93
4017 6574 93
1257 7115 93
2544 6571 93
7452 7867 93
1754 6444 94
1709 6492 94
3175 4996 94
1818 4946 94
1734 5642 94
2043 9404 94
1139 5294 94
3886 5342 94
579 1716 94
2710 5137 94
1429 9883 94
3554 9643 94
1109 4599 94
3496 5133 94
2829 9955 94
2837 4340 94
381 5003 94
1142 9034 94
3031 4830 94
1189 2891 94
605 5965 94
3071 9685 94
3230 7943 94
2177 8277 94
1232 2476 94
3196 7196 94
4199 6696 94
5555 6571 94
2582 3107 94
719 9258 94
1492 5642 94
840 3645 94
4709 5505 94
461 2110 94
4034 6963 94
371 5743 94
2475 5674 94
4584 6333 95
7300 7430 95
4749 7781 95
4644 9126 95
1188 5726 95
3339 5501 95
3369 5113 95
6407 8370 95
691 2919 95
4309 7355 95
4068 5742 95
3801 5231 95
2701 7918 95
5601 6853 95
545 1378 95
2510 3578 95
1495 8893 95
5409 6101 95
129 1296 95
1446 4250 95
2068 4828 95
2740 3845 95
3112 6243 95
1305 4320 95
2025 4816 95
1461 7284 96
1989 4444 96
2247 8085 96
4733 6907 96
2422 2551 96
3229 7433 96
1664 5698 96
2456 4144 96
2546 5381 96
3053 9248 96
4321 8424 96
5116 5191 96
1317 3040 96
4105 8636 96
3018 3500 96
2690 5368 96
502 4235 96
3791 5334 96
1912 2385 96
658 2949 96
3008 3974 96
1390 5044 96
5290 6523 96
0 7669 96
52 540 96
160 2047 96
7190 9112 96
9014 9395 96
458 6563 96
315 7063 96
6231 8310 96
6089 9084 96
441 2337 96
846 3545 97
2184 8853 97
2677 4112 97
3950 7062 97
6777 9466 97
4067 4157 97
4577 8636 97
484 779 97
6720 8424 97
5339 8358 97
3323 5759 97
2949 6895 97
2019 6307 97
3694 8321 97
6333 7963 97
1986 4355 97
7337 9556 97
5919 9912 97
4518 9877 97
3640 9710 97
3407 5544 97
3707 4291 97
6359 7823 97
4001 8417 97
603 9276 97
3029 7031 97
5750 7364 97
3563 5976 97
427 3668 97
1204 1578 97
4234 8533 97
625 8041 97
3278 9540 97
1414 2671 97
1100 5424 98
6073 7393 98
3362 3447 98
2150 4914 98
875 8294 98
3546 5508 98
6540 9806 98
3069 9739 98
4653 7199 98
874 6182 98
3256 9877 98
8096 9523 98
399 3092 98
2061 6445 98
6116 7058 98
5564 5713 98
740 5185 98
4357 8407 98
5401 5820 98
430 7230 98
416 6467 98
5651 8632 98
895 5417 98
1635 9890 98
1554 3682 98
613 2127 98
1294 5120 98
663 9495 98
5841 8593 98
1930 2926 98
4412 9800 98
632 9822 98
6289 9177 99
4218 7306 99
236 2963 99
2318 5211 99
54 7476 99
6767 7830 99
7102 9441 99
2757 4682 99
5116 7992 99
16 1348 99
328 1354 99
6930 8167 99
1469 5462 99
2915 3321 99
3215 4262 99
3219 9004 99
2918 6173 99
7445 8909 99
2046 6467 99
6579 9179 99
4005 5375 99
5628 6384 99
1183 5935 99
309 8099 99
940 9922 99
4458 5960 99
2034 7232 100
7142 7188 100
7394 7584 100
6134 9603 100
5003 6049 100
4394 9725 100
269 965 100
6112 8666 100
590 8891 100
2489 4423 100
304 5120 100
3269 5039 100
7139 7398 100
2485 9585 100
7402 7994 100
804 8651 100
3283 6072 100
1902 6066 100
7911 8438 100
648 1701 100
6842 8322 100
13 3137 100
5425 5492 100
3537 6771 100
964 8828 100
1173 6229 100
6301 7145 100
2261 4772 100
1877 7172 100
6528 6958 100
5377 9876 100
4771 8973 100
309 7000 100
4345 8769 100
1982 2420 100
4186 9919 100
3416 8844 100
840 4680 101
186 4522 101
1094 6771 101
511 1336 101
932 3077 101
4393 8153 101
1223 9243 101
2027 5727 101
1189 9428 101
1255 2996 101
1176 6137 101
1554 5579 101
568 1932 101
950 4777 101
1996 9058 101
3731 3819 101
729 1552 101
7608 8535 101
1890 4511 101
7050 8670 101
4840 4926 101
5293 9223 101
2815 4959 101
7288 9447 101
1628 2660 101
4361 8321 101
2231 3951 101
604 8943 101
3377 3899 101
2059 6181 102
1749 9441 102
8377 9164 102
5592 9408 102
5038 6786 102
642 4391 102
8271 9332 102
8420 8821 102
6532 8722 102
8307 8463 102
5853 6931 102
3434 4820 102
5745 7440 102
2589 5789 102
285 5041 102
7713 9108 102
4835 5146 102
3773 5728 102
1690 6431 102
5415 5998 102
2512 5441 102
1827 8521 102
6369 9714 102
6803 7128 102
2506 6464 102
1439 7031 102
2556 3025 102
2050 6039 102
4862 9215 102
1035 1699 102
6784 6787 102
1323 7729 102
1379 1728 102
118 3368 103
2998 4681 103
484 5539 103
6350 8147 103
3744 8577 103
5488 5626 103
6261 9860 103
4852 6949 103
2062 6151 103
3690 9778 103
4601 8668 103
5264 7392 103
1443 2935 103
3054 8282 103
3818 7002 103
3461 8033 103
1342 4489 103
3110 4461 103
2988 9208 103
6912 7074 103
7800 8833 103
3702 8062 103
7780 7972 103
2525 4163 103
6007 8356 103
5310 5596 103
8931 9062 104
1080 7310 104
129 5957 104
1969 8716 104
2671 7848 104
2715 6565 104
148 1660 104
3324 4970 104
4468 8773 104
1164 3416 104
2203 9105 104
6114 7573 104
6745 9984 104
516 4359 104
3652 9779 104
3523 7153 104
4425 7958 104
3328 5755 104
1749 3892 104
5317 8634 104
9158 9249 104
2734 8505 104
2467 7362 104
1562 5259 104
529 648 104
282 5737 105
5504 9124 105
5403 8970 105
4651 8409 105
3465 9259 105
42 3359 105
1611 8885 105
1181 8739 105
4251 5404 105
881 3052 105
2915 5314 105
4141 9546 105
1787 5482 105
2548 6042 105
7984 8399 105
2980 9610 105
6047 6735 105
1915 8522 105
2602 9275 105
8459 9230 105
2614 6491 105
7509 9109 105
3184 7358 105
27 5604 105
2906 7831 105
544 7261 105
712 1899 105
5097 6908 105
6022 7262 105
1079 3211 105
1156 6029 105
1133 3621 105
2372 7153 105
2116 5122 106
2090 7023 106
2089 5375 106
5408 5867 106
1129 3438 106
8916 9332 106
6583 8898 106
255 9537 106
563 6090 106
4662 6261 106
550 1016 106
4979 6671 106
2420 4670 106
3848 7331 106
5571 8709 106
9199 9706 106
4815 9707 106
3627 7915 106
2954 6626 106
1908 6371 106
3192 8528 106
777 5065 106
4984 5084 106
6352 8608 106
3062 9428 106
1749 5961 106
4649 8004 106
2487 5727 106
3228 5944 106
4955 8409 106
1405 2430 106
289 8734 106
6019 8756 106
2727 9121 106
4290 5805 106
760 6622 106
53 308 107
3046 3966 107
7036 9295 107
3402 4248 107
785 2827 107
3035 7305 107
7924 8487 107
3430 6214 107
662 8237 107
3903 4094 107
3363 8774 107
3968 4219 107
34 651 107
3008 4721 107
647 4338 107
3482 8942 107
7190 8829 107
1997 4441 107
458 9598 107
214 1195 107
6200 9334 107
277 6714 107
1008 9883 107
2094 8847 107
3463 6244 107
529 4552 107
417 2936 107
5856 7052 107
3260 6202 107
3503 5584 107
7529 7971 107
4823 8347 107
697 8471 108
5739 8021 108
7465 8933 108
8041 9246 108
1515 9124 108
6201 9691 108
276 1924 108
1450 3324 108
713 6807 108
704 7489 108
2947 8801 108
1923 3116 108
3159 8283 108
968 5225 108
5021 8934 108
5836 7410 108
8278 8887 108
5537 7244 108
3305 9386 108
5100 5612 108
229 1131 108
333 5121 108
7144 8703 108
473 3523 108
661 1979 108
5808 9893 108
1542 1921 108
979 9768 108
2459 3723 108
1585 8560 108
3606 9608 108
7429 9398 108
980 3990 108
3053 9529 108
4134 6788 108
871 4638 108
969 1534 109
4642 8023 109
2670 4322 109
57 413 109
166 7248 109
423 6703 109
1213 4066 109
728 6039 109
6260 7347 109
1713 8949 109
5719 9494 109
2730 8433 109
3927 7094 109
1317 9182 109
6133 9541 109
2591 9089 109
1906 9949 109
1949 7857 109
3443 5501 109
3657 8582 109
4369 7437 109
5011 7473 109
1638 8607 109
1553 7966 109
95 8744 109
4327 7467 109
4523 7087 110
1017 9313 110
8383 9311 110
4454 7310 110
3410 7045 110
3451 7301 110
2363 8656 110
2973 8551 110
6641 8789 110
4738 7050 110
6193 8846 110
4837 8473 110
2627 5655 110
5634 7221 110
487 2849 110
3838 4751 110
466 9327 110
5486 9901 110
4316 8838 111
1703 5723 111
4408 4736 111
4735 7230 111
2822 9874 111
2388 9764 111
2346 6635 111
3268 4969 111
348 4958 111
4011 9478 111
3670 5738 111
2413 6797 111
2198 2513 111
4685 6204 111
1401 4522 111
324 8305 111
2203 5777 111
4047 7196 111
928 3772 112
4899 9525 112
307 1198 112
2494 8594 112
731 6368 112
5800 7024 112
1586 3262 112
3156 7286 112
473 775 112
1738 4493 112
1395 4547 112
5825 6211 112
5466 8678 112
1020 3292 112
1388 4796 112
7194 8684 112
2185 2465 112
2936 5722 112
4506 6363 112
2363 6616 113
5319 7100 113
179 8880 113
4014 6191 113
1584 6584 113
4888 9809 113
3933 9269 113
713 4623 113
2124 9269 113
1453 6185 113
2413 3455 113
3506 8058 113
304 6343 113
4294 9748 113
4495 7263 113
8515 8917 113
1705 8826 113
1853 6852 113
6217 7352 113
3776 5300 113
7161 7301 113
5366 8111 113
2810 9394 113
2306 8490 113
6888 9789 113
9378 9432 113
2995 8012 114
6670 8320 114
2394 6809 114
801 4296 114
1336 6366 114
5649 5777 114
6612 8175 114
413 8185 114
303 2623 114
5314 7869 114
1321 4441 114
3246 7076 114
4692 9590 114
407 1127 114
1119 5670 114
3727 6364 114
4686 8015 114
4622 6780 114
5524 6047 114
3244 9991 114
2895 9286 114
217 8964 114
2901 3842 114
7025 8051 114
2905 7147 114
7781 8627 114
450 6909 114
6449 6956 114
973 4097 114
4963 8049 114
4058 7452 114
1668 3307 114
3634 3781 114
2214 4387 114
959 8220 114
691 8424 115
4966 6336 115
273 1426 115
1064 3143 115
8449 9591 115
1773 5332 115
3705 9342 115
8720 9239 115
2930 3988 115
4063 5454 115
6024 7324 115
764 5278 115
6476 7386 115
38 360 115
567 5215 115
431 6366 115
3559 5838 115
7714 9974 115
3196 9176 115
4313 8246 115
2965 9900 115
7595 8548 115
892 3814 115
727 7900 115
159 9441 116
5969 9347 116
279 4390 116
4746 7306 116
8083 9224 116
1606 6736 116
462 8722 116
5409 7075 116
3107 8519 116
1275 3502 116
5001 5959 116
3736 8915 116
796 3249 116
797 1598 116
6569 6754 116
5790 8491 116
9423 9811 116
7893 9330 116
1031 6962 116
4614 6093 116
2089 5200 116
3221 8835 116
1568 3638 117
8211 9565 117
4322 7632 117
437 511 117
3347 6723 117
5190 8247 117
2210 3941 117
656 9939 117
6901 9456 117
1566 8478 117
217 3750 117
3547 7383 117
3144 9265 117
3200 7419 117
5035 8066 117
2435 6382 117
4041 5217 117
274 6862 117
4624 5882 117
1915 7848 117
3492 6295 117
2544 9707 117
112 2212 117
174 651 117
1418 3151 117
579 3214 117
3696 9647 117
2951 8138 117
5628 9336 117
1000 9850 117
166 367 117
2707 6342 118
2701 2854 118
1757 2992 118
1453 5530 118
4263 6982 118
3944 5291 118
4269 4365 118
4784 5125 118
7583 8602 118
456 2313 118
7750 8696 118
3622 5723 118
2425 3123 118
4022 7146 118
6539 8102 118
1932 9765 118
1182 7899 118
2467 9689 118
5197 7035 118
2760 5819 118
2555 3778 118
4731 9658 118
3930 6771 118
4114 5719 118
7673 9339 119
3456 7223 119
39 4187 119
6541 8059 119
38 3130 119
3222 6856 119
7004 7123 119
7595 9383 119
2430 6862 119
2081 3478 119
2767 5464 119
2006 3427 119
2044 4617 119
3762 6003 119
3724 7146 119
7066 9646 119
2530 6940 119
3864 5206 119
7984 8981 119
3639 5748 119
2123 2238 119
3665 6347 119
5057 5698 119
5463 9049 119
6148 7430 119
1540 8693 119
781 9937 119
7533 7997 119
775 4664 119
87 4261 119
748 6668 120
3554 8160 120
7356 7564 120
1537 6675 120
7653 9273 120
5010 7272 120
2794 7785 120
669 4662 120
402 1595 120
374 7196 120
7457 7650 120
26 8484 120
6241 9612 120
733 2072 120
3966 5862 120
7979 8796 120
3266 4086 120
2615 6788 120
2635 4187 120
7597 9122 120
1458 3635 120
2648 4173 120
9142 9338 120
1880 3776 120
4117 8791 120
3997 5932 120
557 3705 120
1101 3636 121
3557 4478 121
4653 7476 121
4172 9719 121
1483 9564 121
2031 5172 121
1931 5168 121
2466 4694 121
6097 6320 121
2326 6687 121
2150 8407 121
705 5214 121
3060 8207 121
869 6019 121
4686 6567 121
3258 5482 121
3063 8004 121
1181 7051 121
2622 7856 121
5981 9494 121
5223 5760 121
1612 7032 121
2460 6818 121
4323 4477 121
271 9738 122
6198 8156 122
2426 9540 122
6215 7234 122
1278 6997 122
983 7817 122
6100 7917 122
3402 8349 122
727 8165 122
1204 4697 122
3728 7317 122
5783 9912 122
2715 6042 122
393 1025 122
1245 8144 122
3826 9190 122
5399 7770 122
6003 6028 122
6576 9319 122
5229 7598 122
4707 5597 122
7863 8197 122
2248 2998 122
3449 5564 122
3785 9617 122
1017 7379 122
3686 8664 122
3449 6511 123
1204 9901 123
978 8956 123
2082 6530 123
3404 4529 123
3505 4017 123
5625 5674 123
4408 6846 123
4128 5429 123
1463 3530 123
3343 7931 123
1336 7461 123
881 8172 123
2351 6057 123
2790 3355 123
6543 8028 123
266 3974 123
3320 8020 123
6357 6597 123
241 9587 123
398 7573 123
6483 8529 123
4502 5016 123
4429 8717 123
6791 8025 123
2743 8387 123
6392 7079 123
767 9588 123
5285 6749 123
6 670 123
3849 4127 123
1255 6976 123
3302 7417 123
2024 9320 124
2369 5597 124
2136 9440 124
775 3727 124
3864 7224 124
1080 6743 124
6912 8896 124
5527 8258 124
428 513 124
2319 7656 124
5313 5442 124
2635 9951 124
3031 5294 124
423 4158 124
876 7362 124
1059 6796 124
610 7839 124
6731 9892 124
5032 9689 124
7809 8796 124
3332 7392 124
2251 2449 124
5487 5887 124
155 4671 124
5491 9919 124
5751 6836 124
3075 5077 124
4136 4164 124
6062 9118 124
3066 4356 124
7386 8102 124
433 4934 124
6223 6775 124
4847 8017 125
650 3112 125
2265 9625 125
3738 6062 125
3847 6168 125
303 1080 125
2249 7174 125
2961 9326 125
5918 9686 125
2144 9776 125
6256 6707 125
304 4856 125
8099 8562 125
4483 5946 125
2298 6996 125
1736 8518 125
2527 3803 125
342 9497 125
4795 5916 125
1937 7936 125
7265 8197 125
682 8940 125
2882 4782 125
2244 3394 125
7410 8278 125
9185 9953 125
2705 4045 125
2705 3303 125
249 7225 126
7384 9345 126
4286 9234 126
3309 9977 126
4904 8537 126
1486 4758 126
2225 3464 126
1319 5831 126
2198 6993 126
5225 6188 126
1094 4203 126
1980 5491 126
5145 9942 126
824 2710 126
3572 4750 126
6080 8300 126
7805 8468 126
4602 7740 126
3975 5476 126
1543 3610 126
3603 7754 126
4379 6247 126
257 3694 126
223 7100 126
4272 5433 126
3535 8206 126
2823 7206 126
5415 8274 126
1650 7417 127
3063 4253 127
3552 6089 127
2464 2995 127
5934 7687 127
2422 3151 127
4026 5449 127
1540 3170 127
7329 9961 127
1564 8201 127
4516 9148 127
755 2321 127
4089 5610 127
5528 8983 127
2740 5223 127
462 723 127
5495 6260 127
4556 9272 127
5478 8498 127
3312 5054 127
2735 9688 127
567 4759 127
1916 9912 127
5211 8573 127
1717 2800 127
2992 3995 127
8774 9483 127
8786 8787 127
6183 9412 127
89 9932 127
2342 5254 127
6134 9173 127
3564 9954 127
586 9659 128
2457 3720 128
9312 9623 128
4591 6972 128
9223 9631 128
3804 9888 128
5516 7266 128
2877 7766 128
2400 5523 128
6836 8669 128
1098 3595 128
2909 3208 128
3576 6817 128
17 1610 128
4050 5008 128
1043 8588 128
640 1474 128
4292 7799 128
1308 3528 128
954 7368 128
6444 9377 128
806 9621 128
3386 7000 128
7079 9859 128
2780 7497 128
7951 8813 128
795 5512 128
4806 9610 129
5272 7295 129
5997 6168 129
8870 9310 129
193 7920 129
3279 9292 129
413 9144 129
5410 9009 129
34 445 129
844 1212 129
1403 5801 129
5874 7057 129
807 2822 129
3015 3090 129
1041 6009 129
1305 1469 129
1492 6485 129
4449 9295 129
333 2700 129
6383 7449 129
7085 8035 129
1752 3452 129
2965 4922 129
51 1215 129
872 8018 129
1157 3091 129
4818 7992 129
7861 8779 129
8520 9559 129
8583 9952 129
603 4392 129
4069 9519 130
1814 3619 130
1521 2949 130
384 9080 130
2417 3459 130
2519 5703 130
3864 5931 130
1286 2287 130
109 6933 130
385 9057 130
500 8803 130
2094 3428 130
3433 6026 130
3854 7766 130
1862 1898 130
718 1630 130
782 7797 130
411 2578 130
486 8699 130
5992 9138 130
4289 5808 130
5067 5803 130
4219 5122 130
7228 9922 130
2351 8906 130
8403 8818 130
5828 8405 130
28 4517 130
2412 2773 130
3210 5787 130
4291 6767 130
1857 2094 131
2656 5696 131
2679 7628 131
6067 6213 131
1348 8460 131
332 1608 131
5341 8247 131
5067 7745 131
2327 7864 131
3450 6370 131
2937 6068 131
302 8806 131
3644 7945 131
735 8658 131
1666 5750 131
6584 9925 131
6333 6825 131
3831 7341 131
5688 9391 131
5386 8799 131
6060 7119 131
2583 6107 131
4645 6718 131
4140 7939 131
1159 2358 131
4591 5506 132
4991 9072 132
1420 4050 132
2351 9930 132
5723 9286 132
82 391 132
1572 3447 132
4726 5052 132
2096 5841 132
7640 7852 132
3978 6440 132
2463 8692 132
3664 8668 132
7695 8751 132
3515 9395 132
5476 7972 132
330 9210 132
4455 7237 132
2007 2567 132
818 9411 132
43 7630 132
3401 6178 132
918 1912 132
6642 8864 132
8373 9101 132
3983 5782 132
2144 8300 132
2942 7545 132
5426 8366 132
5683 6590 133
3360 5499 133
2647 9971 133
5663 9234 133
1099 8620 133
502 979 133
3198 5446 133
358 2919 133
5681 9216 133
206 3111 133
3577 7155 133
106 9785 133
7457 9626 133
1849 5883 133
3193 5944 133
7249 8868 133
1338 6199 133
3052 6304 133
913 5975 133
3908 9942 133
4376 9897 133
1252 2174 133
6815 7252 133
3107 7086 133
2698 9264 133
3753 6304 133
3338 9280 133
4013 4494 133
1074 2519 133
4592 8361 133
899 1675 133
455 4670 133
6416 6790 133
6352 7597 133
3004 6048 133
327 3424 133
3807 3887 133
2923 7386 133
202 7418 133
8381 9276 133
945 2885 134
4135 6905 134
3437 9953 134
5958 7724 134
3144 8589 134
4222 9745 134
5496 7145 134
1644 1852 134
1735 5696 134
635 8541 134
3028 4851 134
6595 9011 134
6712 8279 134
9026 9119 134
6245 9386 134
2076 7922 134
3378 6302 134
5261 7681 134
3870 4641 134
684 6277 134
4812 7167 134
1998 6084 134
1403 1457 134
2915 4904 134
5709 7172 134
565 2709 134
1691 3376 134
2020 8681 134
4217 7496 134
1788 6342 134
4379 5137 134
1964 5229 134
3249 8957 134
2197 3214 135
3510 7849 135
1162 4058 135
2536 8111 135
1843 9782 135
9132 9820 135
6346 9979 135
3718 9785 135
4905 5500 135
3412 7886 135
390 1761 135
2251 6629 135
2307 2798 135
1058 8275 135
3282 9827 135
6702 8631 135
5933 9726 135
5229 8927 135
1169 8075 135
3893 9533 135
4550 6779 135
2453 3040 135
5482 8455 135
546 7763 135
1360 3310 135
4440 8544 135
4534 5153 135
5630 9557 135
187 2628 135
6103 8814 135
7681 9768 135
5364 9112 136
1192 3299 136
280 2788 136
571 6548 136
9202 9593 136
4137 9781 136
5619 6951 136
4136 6277 136
2131 5941 136
5532 8844 136
3021 3619 136
2063 4790 136
3227 4717 136
3034 3156 136
1726 8200 136
5659 9075 136
3203 5760 136
8717 9084 136
4549 9639 136
2621 3056 136
1033 5746 136
723 9230 136
2013 5185 136
3514 5832 136
1229 8011 136
5170 6596 136
5851 7813 136
4127 4558 136
2267 9755 137
2701 9009 137
2216 2895 137
7597 9394 137
1355 3658 137
1693 4024 137
497 7118 137
715 2842 137
2295 4714 137
5685 8293 137
2839 5913 137
1222 8141 137
2309 5095 137
2644 7568 137
216 4246 137
2731 4181 137
2619 9283 137
6531 8957 137
5380 7722 137
374 5934 137
3212 5322 137
8266 9949 137
7709 8045 137
2762 5452 137
2483 7901 137
1122 5257 137
1540 2498 137
5821 9126 137
4498 5167 137
2784 3942 137
7439 9622 138
796 5897 138
3808 7521 138
65 2601 138
422 6998 138
3434 6832 138
2509 4319 138
1083 9677 138
955 5539 138
373 4253 138
5418 5917 138
1652 2629 138
1210 5937 138
5898 8443 138
3415 3881 138
850 6681 138
4216 5389 138
2930 5400 138
3064 8727 138
4339 6377 138
2668 5939 138
1060 3677 138
4892 6109 138
3768 8985 138
5647 7296 138
4476 9558 139
75 2280 139
4468 8106 139
643 6123 139
608 2946 139
2658 7860 139
1919 6784 139
125 525 139
1381 2307 139
3882 6937 139
1679 7393 139
4179 7726 139
4321 7473 139
6673 7985 139
6868 7325 139
418 2484 139
7284 7495 139
1871 5745 139
2928 9479 139
265 2028 139
3790 3903 139
4042 4354 139
416 3194 139
6116 8255 139
2086 3938 139
2666 6973 139
265 5233 139
248 5769 139
3663 6919 139
1034 7031 139
6483 7028 139
2075 3355 139
359 6768 139
2384 7378 139
3401 4409 139
1600 5052 140
1058 5622 140
1661 3669 140
1858 6993 140
3015 3213 140
4024 8374 140
807 7005 140
2938 7911 140
6089 9059 140
6088 8626 140
6087 9904 140
1980 8919 140
2308 7645 140
5508 6846 140
1889 7423 140
1624 3589 140
5870 8639 140
4801 8926 140
2454 9300 140
827 8993 140
8486 9219 140
2820 5038 140
143 4275 140
7460 8453 140
1589 8534 140
2972 5712 140
1475 4669 140
6479 9338 140
2503 2567 140
6330 9541 140
4293 9959 140
4010 8997 140
3046 8083 140
2205 3856 140
14 4229 141
2472 5201 141
5828 6168 141
1410 7876 141
27 9963 141
6200 7825 141
5529 8687 141
41 5112 141
5634 6572 141
6834 9407 141
241 9174 141
74 4626 141
2176 4193 141
1679 4309 141
1480 5395 141
3134 6241 141
5282 6552 141
374 1046 141
8325 9153 141
7588 9929 141
8810 8982 141
1595 4936 141
2072 4793 141
5843 7629 141
6313 8950 141
4966 5113 141
8039 9540 141
3583 7522 142
3878 5382 142
3083 5010 142
3147 6918 142
5093 7989 142
2814 7799 142
308 2480 142
2385 6391 142
946 8099 142
7774 8887 142
9528 9662 142
4658 7555 142
5356 5459 142
139 3082 142
2566 6783 142
3506 7078 142
899 3445 142
3396 5196 142
6914 7309 142
2509 7810 142
256 8382 142
4418 5603 142
7047 7304 142
4268 8549 142
631 1763 142
7296 8883 142
566 6389 142
1722 6405 142
5912 6731 142
849 4054 142
7494 9132 142
1119 1611 143
1919 3760 143
3471 3970 143
1698 3104 143
3117 7102 143
2863 8181 143
196 4864 143
194 6203 143
6192 9626 143
1967 3471 143
531 7113 143
3023 7459 143
2594 8603 143
4729 9280 143
482 5404 143
861 7487 143
2195 4877 143
9674 9677 143
4841 8984 143
1462 8908 143
1995 4357 143
419 7453 143
1352 8430 143
5684 7966 143
739 2835 143
5790 7778 143
6458 9705 143
7548 9050 143
1941 6113 143
2349 8264 143
7993 9263 143
2236 9304 143
3810 5847 143
188 8008 143
5288 7306 143
2093 3120 143
7823 9863 143
1954 3079 144
6544 9367 144
4227 8482 144
1435 9946 144
4216 9266 144
2780 5369 144
4041 5509 144
5976 9901 144
155 5651 144
3473 5576 144
8953 9091 144
4943 7635 144
555 8967 144
4818 8571 144
8292 9566 144
2942 7687 144
449 9834 144
640 6599 144
7044 7152 144
696 9543 144
3268 4651 144
2502 5710 144
3196 6714 144
7564 9209 144
1095 6109 144
1924 3149 144
3276 7200 144
8103 9784 144
387 8156 144
520 1663 144
265 2432 144
4767 6573 144
653 1356 144
6297 8027 144
6113 7962 145
3764 5382 145
3736 8526 145
4056 8311 145
1322 7310 145
3844 7893 145
1975 2922 145
7468 8348 145
1921 6429 145
4474 9388 145
5102 7670 145
3621 7183 145
2384 2432 145
5616 6289 145
6994 8355 145
1129 3746 145
6836 9948 145
2847 8207 145
1334 2948 145
1860 8584 145
1033 1530 145
2876 7973 145
869 9117 145
56 6354 146
685 3646 146
2797 7159 146
6223 8895 146
3822 7878 146
2011 6827 146
5635 7681 146
3762 5107 146
4651 6328 146
1659 9614 146
476 1179 146
5594 9250 146
2284 6991 146
4315 6770 146
3698 5928 146
1185 6570 146
4667 6996 146
1877 6950 146
475 4963 146
849 962 146
155 1182 146
3080 5385 146
3663 7308 146
1077 6895 146
433 1860 146
252 8905 146
4100 5572 146
354 6393 146
7245 9518 146
8765 9502 146
6560 6755 146
2072 3583 146
5642 7479 146
2550 2697 146
214 9089 146
4490 9625 146
3475 3509 146
3502 6429 147
7638 8335 147
2316 5722 147
7586 9536 147
92 9536 147
7734 8241 147
4347 7301 147
2113 2435 147
6297 9034 147
2836 7310 147
596 7127 147
3288 3507 147
2593 4372 147
2172 7997 147
5451 9056 147
4964 8944 147
228 2406 147
8778 9121 147
8018 8306 147
1619 8449 147
5633 8730 147
4061 6171 147
1206 3600 147
3682 5798 147
147 8322 147
8055 8557 147
4563 9009 147
4126 8798 147
1189 8519 148
911 3056 148
4490 5248 148
6252 7071 148
6833 7118 148
3641 4624 148
4530 9080 148
6819 9328 148
1129 1194 148
1190 9488 148
335 7745 148
1839 2322 148
6119 9386 148
444 5929 148
2428 4652 148
1409 8434 148
5642 5978 148
2414 6022 148
36 9507 148
8640 8973 148
4807 5433 148
92 1599 148
401 4015 148
2362 3419 148
1438 5231 148
678 6468 148
8368 8556 148
4757 6608 149
5432 9835 149
3132 7427 149
5155 5830 149
96 9390 149
5146 7892 149
2715 8999 149
3141 8165 149
3742 4348 149
3235 3469 149
2353 8012 149
7858 8856 149
7852 9196 149
4333 4983 149
5320 8362 149
3178 8021 149
3437 4188 149
6612 9616 149
1134 7725 149
8678 9450 149
732 4521 149
2983 5310 149
4020 4718 149
3016 7529 149
25 3478 149
2618 9915 149
5210 8937 149
3538 9982 149
4912 9539 149
7959 8143 149
3665 3913 149
2023 8684 149
795 3267 149
1154 2374 149
1949 8323 150
4446 7504 150
181 6282 150
4921 6043 150
6907 8182 150
1963 5498 150
1963 2753 150
1706 5007 150
115 2535 150
1679 3392 150
7986 9394 150
1952 4848 150
2982 3967 150
2359 5855 150
2460 2857 150
544 5016 150
4045 8074 150
173 6633 150
187 6536 150
94 6239 150
95 8541 150
4994 7017 150
2641 7349 150
3110 3429 150
2634 5702 150
8182 9397 150
2252 7091 150
8550 9975 150
3388 9858 150
1623 6217 150
1196 3980 150
2157 2410 150
2779 9024 150
1852 6071 150
5743 6820 150
1651 8658 150
7636 8898 151
7511 8385 151
1079 9072 151
4463 6117 151
400 2072 151
3393 8840 151
6445 9322 151
3719 6077 151
371 5191 151
8721 9134 151
6898 8169 151
5107 5123 151
3191 4270 151
1018 9344 151
8728 9664 151
1226 9399 151
4837 5380 151
2534 8210 151
6755 8039 151
8158 8913 151
2482 7391 151
6262 6489 151
1735 4035 151
1991 6926 151
1605 3112 151
1475 6723 151
4975 5719 151
2179 7172 151
7006 9883 152
5535 8350 152
8669 9851 152
775 6744 152
3457 9386 152
7740 8877 152
517 7010 152
238 3181 152
9561 9998 152
1294 3550 152
5973 9722 152
7438 9821 152
459 5167 152
4224 5069 152
464 8739 152
149 6771 152
2759 4582 152
275 1404 152
2703 9676 152
2534 4496 152
1671 7486 152
5160 9685 152
2869 6775 152
5766 6762 152
4104 6527 152
426 2333 152
6296 7176 152
1584 3724 152
2517 6232 152
7793 8108 152
696 5348 153
5269 9840 153
7406 7444 153
4482 7417 153
5498 7760 153
3279 8780 153
3978 8569 153
5663 8811 153
5047 6589 153
1162 3629 153
4406 9913 153
2634 9543 153
120 369 153
1941 2613 153
1080 4362 153
3619 6327 153
5564 7568 153
1479 9286 153
3694 4218 153
8175 9630 153
2261 9510 153
7131 9266 153
949 6259 153
3841 5270 153
6916 7144 153
2040 5171 153
3088 3107 154
7225 8528 154
370 849 154
7408 9393 154
6945 8324 154
2136 4195 154
5093 5408 154
1112 4488 154
5563 8032 154
6272 9730 154
305 7230 154
253 3955 154
3252 9152 154
5125 8602 154
4382 6889 154
2440 4478 154
2015 4041 154
1610 5406 154
3113 5989 154
4590 6953 154
274 4279 154
418 1268 154
1915 4230 154
7588 9910 154
4323 4807 154
1647 4631 154
1669 6989 154
4966 8331 154
166 8109 154
4167 9099 154
4894 9981 154
3165 3895 154
6735 7430 154
7505 9419 154
8314 9910 154
2210 4715 154
3860 4799 154
2724 8854 154
2290 9563 154
7412 8566 154
918 1346 155
8028 8520 155
2580 4250 155
389 480 155
5519 7909 155
3271 6429 155
3260 6449 155
1376 7716 155
8349 9443 155
859 9819 155
3321 8529 155
6004 9112 155
1999 2951 155
8392 8479 155
7329 9952 155
934 9793 155
6843 9899 155
1246 8946 155
6610 6929 155
1491 4798 155
386 4701 155
5179 6671 155
2554 5109 155
2748 3451 155
721 7545 155
2627 7353 155
1682 4860 155
1806 4275 155
6021 9028 155
2114 2529 155
8261 8656 156
1905 6768 156
3413 6792 156
720 9524 156
5892 9415 156
181 5456 156
4122 8688 156
3331 8287 156
777 8991 156
5363 9578 156
3283 3452 156
1343 6290 156
3125 4255 156
4753 5103 156
439 3548 156
887 9653 156
741 3009 156
178 8704 156
5467 9326 156
2415 4518 156
4349 8106 156
130 6760 156
5494 7435 156
7196 9433 156
1867 9947 156
4975 6643 156
667 9843 156
2199 8944 157
1301 9550 157
3345 5995 157
6138 9026 157
7618 8866 157
7470 9411 157
5676 9619 157
6025 8644 157
2356 5376 157
5292 7484 157
2371 9903 157
4596 9063 157
647 1783 157
4644 6652 157
88 7434 157
636 5775 157
9015 9937 157
6314 6827 157
4561 4729 157
2276 7141 157
5023 5094 157
5773 5928 157
358 4932 157
434 5531 157
4409 8832 157
4681 6997 157
4168 4786 158
1137 6509 158
4274 7277 158
3435 7272 158
3239 8666 158
8346 9966 158
5315 5702 158
55 9822 158
6370 7002 158
6469 6985 158
2212 5272 158
4046 6046 158
885 8797 158
74 5484 158
4023 5412 158
2165 8032 158
5868 7462 158
464 5534 158
5215 6240 158
1749 1877 158
3053 6168 158
1177 4034 158
8471 9049 158
3607 4768 158
292 3334 158
983 3436 158
2953 3151 158
2597 3910 158
798 818 158
3902 6942 158
4795 8523 158
160 4774 158
2704 5079 158
7478 8063 158
2777 8821 158
302 575 159
9538 9617 159
3535 3661 159
2948 4596 159
1304 4685 159
4194 4474 159
4208 9851 159
6183 7390 159
6034 8303 159
964 5821 159
4851 7469 159
3537 8465 159
2370 2634 159
3530 4031 159
2428 7963 159
1138 5834 159
2630 9696 159
5733 6365 159
2237 3713 159
4136 7855 159
7089 9780 159
577 2335 159
4302 7078 159
1997 9460 159
510 8368 159
1132 9508 159
3337 6314 160
4649 6571 160
1735 5532 160
108 9990 160
4394 6963 160
513 827 160
1003 9937 160
4529 9843 160
1660 5411 160
2322 5701 160
3534 7639 160
3830 4169 160
380 8520 160
3597 6212 160
3872 8746 160
979 8951 160
881 3326 160
3176 4726 160
4045 6846 160
769 3657 160
7710 9224 160
4771 8571 160
7897 8723 160
44 9136 160
1895 7527 160
1688 3244 161
6698 9836 161
6623 7634 161
8778 9644 161
2235 6013 161
349 5806 161
5324 9182 161
4979 8963 161
4520 6402 161
3966 5626 161
5713 6307 161
6709 9324 161
2732 5926 161
3303 5634 161
1383 6090 161
2529 3329 161
3283 8129 161
4213 4962 161
4239 8361 161
1832 8895 161
193 3411 161
6749 9378 161
4169 9303 161
4101 4404 161
3524 9109 161
2189 4276 162
91 2291 162
4170 5894 162
6410 6825 162
3286 8582 162
6886 7658 162
638 4541 162
3000 4637 162
6181 9934 162
30 8334 162
125 7763 162
3018 7935 162
2543 5164 162
2414 7195 162
7022 7760 162
2355 4325 162
4567 5373 162
3867 5116 162
2769 6963 162
1828 3374 162
2253 4201 162
3354 4086 162
1887 5285 162
1299 5065 162
1812 5182 162
5513 6129 162
2400 7616 162
1641 2700 162
484 8421 162
2878 5992 162
964 1574 162
2836 3216 162
1155 3498 162
2952 7524 162
4286 7021 162
1413 8955 163
3129 5895 163
2234 3892 163
1921 7026 163
3863 6392 163
5228 8997 163
3768 8554 163
3167 8522 163
233 7289 163
1906 9018 163
3121 8020 163
2454 5190 163
499 1058 163
628 5607 163
1013 8491 163
921 997 163
2874 4277 163
4631 5445 163
822 9611 163
3566 6111 163
5165 7050 163
9116 9889 163
2802 7137 163
1769 9117 163
2526 3024 163
2345 3594 163
5760 7964 163
4528 5617 163
4904 9719 163
2660 4457 164
613 8676 164
2054 5954 164
4927 5461 164
693 5608 164
6589 7365 164
2265 8753 164
320 475 164
5031 9463 164
731 8642 164
6254 6684 164
1388 5329 164
1008 8123 164
2039 2638 164
1462 9105 164
8151 8576 164
2171 5314 164
2442 6299 164
830 9517 164
6025 9491 164
7917 9270 164
3438 7855 164
2966 7685 164
1984 7044 164
1624 1928 164
3307 9027 164
1683 3293 164
818 3780 164
1929 9530 164
4339 9164 165
1072 2918 165
2255 9098 165
5189 7919 165
772 7190 165
6191 6599 165
4102 7701 165
3840 9201 165
2159 8497 165
2859 5062 165
8449 9752 165
4640 6745 165
161 7938 165
4794 9016 165
141 8510 165
1341 6584 165
2703 9452 165
4530 9589 165
5803 7569 165
4526 8048 165
4900 4967 165
5249 9307 165
5586 9959 165
4488 9474 165
7395 9996 165
7931 9502 165
9155 9414 165
2548 3896 165
3054 4907 165
17 80 165
525 550 165
5369 6149 166
1184 7175 166
1185 9304 166
4718 8478 166
3336 4040 166
5517 6443 166
3675 7160 166
996 2240 166
372 2642 166
5846 9783 166
495 7271 166
8292 8657 166
1398 9432 166
1378 1561 166
8069 8487 166
7301 9198 166
623 2582 166
6459 6673 166
983 4022 166
3298 7861 166
5505 6792 166
422 7068 166
223 1931 166
797 2945 166
2218 7902 166
1612 9571 166
3846 5436 166
1926 3561 166
427 9186 166
1165 7439 166
774 7003 166
2954 6106 166
2698 8898 166
5494 7385 166
5301 9676 166
3741 7409 166
1088 8796 166
57 3545 166
2322 4978 167
5858 8785 167
1439 5572 167
1999 4970 167
2077 4626 167
1950 2651 167
4399 9070 167
4199 8364 167
6864 7331 167
1269 3945 167
2984 6056 167
28 7913 167
7228 7918 167
2317 8772 167
1634 9510 167
6957 9904 167
4043 7830 167
9850 9873 167
796 8602 167
1750 7581 167
1037 3232 167
414 7277 167
4091 7070 167
316 3304 167
629 5652 167
1660 5936 167
5178 9239 167
4189 6691 167
5052 9934 167
7198 9803 167
7509 8952 167
7763 8797 168
4252 6267 168
1695 9520 168
8771 9707 168
1212 5238 168
4257 5454 168
4261 4751 168
2862 9965 168
219 9326 168
1428 2647 168
4733 8432 168
1295 9036 168
1016 3668 168
4269 5007 168
3274 6938 168
745 2257 168
4562 5228 168
3661 9674 168
2804 9461 168
1239 8926 168
2645 3415 168
8950 9883 168
2693 7000 168
5981 8567 168
991 4331 168
1615 4005 168
5397 7001 168
460 3421 168
1560 7656 168
1040 3233 168
306 3687 168
7177 9738 169
432 5772 169
4795 7468 169
7007 7869 169
1021 8573 169
348 5296 169
6059 9057 169
4730 9201 169
5838 6038 169
2270 7369 169
3837 7537 169
3175 3202 169
171 885 169
714 5945 169
3121 4207 169
2787 8547 169
1852 5891 169
741 1001 169
6180 8956 169
3093 6101 169
4599 7697 169
5667 8930 169
950 2971 169
2990 4090 169
9141 9976 169
1198 2999 169
747 7216 169
679 7914 169
2035 5325 169
257 3677 169
4059 9933 169
2677 6323 169
1315 6544 169
1402 4368 169
1036 8760 169
9256 9540 169
6487 7169 170
3943 5407 170
3043 3553 170
7382 9423 170
5447 8975 170
316 5612 170
1978 5750 170
7375 9506 170
4135 7452 170
6079 7129 170
1815 7282 170
5989 8583 170
2344 3234 170
7025 7032 170
1241 9152 170
2371 8414 170
661 9973 170
2144 2362 170
8007 9479 170
5774 6702 170
759 5969 170
3665 8241 170
924 6103 170
851 9840 170
2975 5205 170
3476 8607 170
293 9875 171
3740 7292 171
3018 7500 171
3909 8492 171
1198 8543 171
8025 8422 171
528 5435 171
3751 8628 171
1824 4014 171
4136 9749 171
1238 5468 171
7260 9087 171
4354 8452 171
1335 9846 171
783 7510 171
7380 9693 171
2440 3302 171
1934 5558 171
210 6942 171
1336 9488 171
1938 6041 171
3197 3288 171
255 659 171
1004 7292 171
2942 5788 171
6305 7681 171
2441 4311 171
133 1051 172
2197 4122 172
5797 8354 172
715 2043 172
5904 9171 172
6776 8504 172
3625 6657 172
7738 8880 172
2359 2948 172
7013 8650 172
455 6332 172
3876 9836 172
4393 6890 172
1115 4201 172
534 1387 172
841 3685 172
1885 8764 172
1754 7382 172
4100 6315 172
6911 7189 172
2832 9080 172
1302 1891 172
900 9288 172
1894 9788 172
5321 8834 172
1094 1223 172
3228 5356 172
2983 3298 172
2965 5331 172
1994 4007 172
2063 8898 173
6433 6576 173
6141 7947 173
2805 3185 173
8602 9481 173
6449 7318 173
512 6726 173
1906 8812 173
3251 8831 173
4212 7575 173
5139 9789 173
2124 6659 173
3046 8457 173
4746 8256 173
2479 5643 173
4885 8757 173
679 6973 173
9226 9446 173
346 2445 173
2171 5604 173
2010 2561 173
8245 8680 173
1160 6526 173
374 2000 173
492 6453 174
4172 6899 174
2756 7081 174
2171 6378 174
2686 4284 174
456 4822 174
557 7229 174
1792 5191 174
2401 2903 174
3168 6393 174
562 6087 174
564 3395 174
3534 7003 174
514 7467 174
1569 2454 174
6874 8921 174
2362 8063 174
1237 5549 174
5781 7311 174
1936 3120 174
724 1018 174
1004 7735 174
3763 6477 174
1072 3572 174
1675 1856 174
6264 7589 174
5140 5798 174
678 9834 174
4474 8136 174
1218 1710 174
1509 8838 174
5907 6530 174
4089 6040 174
970 6648 174
1291 1354 175
1819 8860 175
3938 9282 175
6955 9510 175
6933 9066 175
606 9292 175
3349 8261 175
945 4124 175
1761 5145 175
3886 7522 175
2023 8385 175
5437 8649 175
3513 9121 175
2581 5971 175
1996 9196 175
6312 8054 175
3416 7606 175
2855 7006 175
4619 7570 175
4765 7022 175
3448 8489 175
1802 4753 175
7815 8760 175
3797 4617 175
5652 7584 175
8183 8511 175
39 326 175
8227 9771 175
4184 5918 175
3603 7996 176
5165 5381 176
6828 8510 176
2119 9552 176
1044 4762 176
4089 8368 176
8719 9271 176
534 1796 176
1793 5371 176
1709 7467 176
1916 6350 176
2092 9893 176
5958 6667 176
512 4965 176
3983 7756 176
3383 8387 176
3676 8713 176
9380 9517 176
1019 5583 176
6066 8263 176
632 9961 176
3055 4321 176
4267 7618 176
4419 9505 176
3070 3459 176
2513 7332 176
6063 9249 176
2859 7553 176
4408 9490 176
4189 6439 176
4233 8159 176
609 5582 176
1298 2701 176
1193 7166 176
4778 8453 176
3200 6246 176
7963 9024 176
427 5122 176
340 2671 176
2565 8826 176
2471 4016 176
6449 8025 176
8045 8298 177
6890 9343 177
2631 6548 177
7448 7536 177
3172 6218 177
8618 9514 177
1783 8706 177
3648 9248 177
789 5873 177
3356 4288 177
4143 6868 177
5186 7323 177
4172 7849 177
5165 5749 177
5254 6166 177
2807 7741 177
991 1037 177
1567 2333 177
3644 6222 177
4644 9949 177
2986 8119 177
2821 9654 177
1713 3504 177
279 951 177
3670 4431 178
4291 7843 178
1967 8353 178
1099 3571 178
697 2055 178
1509 6537 178
5565 8350 178
871 7925 178
7975 8647 178
7044 9941 178
1170 6734 178
5451 8259 178
3119 8392 178
2432 9772 178
2060 2781 178
1813 7555 178
4158 6291 178
663 2705 178
1402 8798 178
1804 3589 178
2805 5611 178
3553 4276 178
1720 6843 178
2804 6405 178
5078 8618 178
2915 4900 178
288 2895 178
5179 9205 178
1399 1960 178
5596 9442 179
5237 6649 179
4271 9819 179
2414 6985 179
1868 3533 179
585 6756 179
4368 6116 179
6793 8824 179
781 2921 179
5941 8894 179
382 5299 179
3941 6259 179
1739 5057 179
203 8402 179
5384 6116 179
5122 9930 179
1499 9708 180
975 3590 180
2537 8102 180
1102 5058 180
4272 4389 180
471 9951 180
6612 8897 180
3925 6910 180
1063 8981 180
677 9314 180
1518 4625 180
5882 9805 180
1128 1656 180
3686 4769 180
7835 7969 180
7574 8237 180
6847 7719 180
1628 1812 180
2293 5734 180
4582 5174 180
2973 6146 180
1608 3041 180
3825 7911 180
2618 9916 180
585 2486 180
5699 7467 180
5746 8609 180
3293 7525 180
7892 8582 180
2157 3915 180
4173 8787 180
174 1721 180
540 9329 181
7265 8225 181
4413 6663 181
4956 9033 181
5115 9644 181
1522 5803 181
6131 6421 181
3718 6428 181
2917 9329 181
1537 4640 181
2175 2607 181
7407 8062 181
3331 4696 181
2016 5500 181
1008 3920 181
1266 7531 181
7358 8469 181
5255 8999 181
229 4330 181
7932 9826 181
925 7218 181
517 3947 181
3934 4242 181
82 4657 181
329 7538 181
977 6501 181
523 4043 181
1931 8067 181
3919 9929 181
4518 8989 181
2516 3740 181
6856 8190 181
3891 7884 181
4392 7185 182
4067 8523 182
2359 4200 182
3891 4302 182
1552 5572 182
3254 3443 182
2534 3854 182
4585 9789 182
2012 4457 182
4518 7806 182
1653 7990 182
1709 2279 182
1789 6572 182
6367 8592 182
3224 9996 182
3353 7415 182
4551 6044 182
1979 9680 182
4102 6746 182
4913 9319 182
5848 7031 182
93 6859 182
6022 7613 182
992 1082 182
3125 5518 182
3759 8793 183
7724 7814 183
2422 7416 183
1029 7285 183
1831 3242 183
1097 3582 183
2512 7167 183
3046 7101 183
1297 3622 183
5830 9111 183
819 4107 183
511 4097 183
401 912 183
531 7382 183
1333 7925 183
7925 8632 183
1312 9776 183
724 1539 183
5483 8676 183
2008 3307 183
345 5772 183
5465 9723 183
1312 2573 183
160 8661 183
2063 5940 183
6017 7115 183
5939 8677 183
614 9590 183
2189 9773 183
3176 4005 183
6046 8262 183
1144 1918 183
7280 9039 183
3231 7174 183
426 2137 183
3277 4742 183
1048 5711 184
550 5971 184
1820 4982 184
562 7458 184
3446 7807 184
2096 6190 184
7896 8158 184
5230 9158 184
3052 3632 184
821 4276 184
1249 3154 184
8370 8763 184
120 1082 184
6595 7708 184
2729 6091 184
1103 6060 184
5423 6824 184
2053 2541 184
466 1086 184
1337 4720 184
2660 4656 184
1117 3528 184
1075 2608 184
5074 6373 184
6903 8721 184
1511 6928 184
1219 8514 184
2255 8619 184
1990 5552 184
1447 8894 184
1096 2462 184
1950 7746 184
2103 6366 184
100 6940 185
365 2665 185
274 7514 185
1359 6089 185
3972 4135 185
6268 8865 185
851 3339 185
1806 8057 185
2792 4832 185
4673 6735 185
863 8088 185
24 2264 185
4352 4581 185
3246 5342 185
897 7105 185
938 1246 185
1552 4312 185
3810 4678 185
4153 8862 185
6703 6762 185
1544 2217 185
3218 5616 185
6487 8321 186
4115 6852 186
3060 3388 186
6084 8568 186
824 9944 186
4966 5152 186
4272 4755 186
298 625 186
1054 1618 186
4926 7713 186
1758 8447 186
707 3112 186
4450 6612 186
5156 8646 186
981 6056 186
640 1794 186
1299 5563 186
1335 8382 186
391 1496 186
7277 7323 186
155 7650 186
4339 7765 186
2032 7900 186
1011 7224 186
231 2474 186
2019 2050 186
1400 8432 186
4043 6889 186
340 4913 186
852 7595 186
4565 9286 186
2254 6349 186
318 2517 186
5177 6846 186
7949 8357 187
107 8959 187
860 6246 187
4833 9077 187
5640 6299 187
3860 3936 187
510 7075 187
1877 2478 187
2335 9621 187
4644 9339 187
313 5127 187
3953 8794 187
3361 8622 187
1681 7425 187
578 1993 187
2547 8919 187
921 3137 187
6367 9315 187
6607 9361 187
910 1188 187
4781 6264 187
465 8299 187
559 8601 187
1123 5338 187
3406 8275 187
4753 7437 187
5244 6669 187
950 9227 187
4422 9934 187
4625 5278 187
1308 4039 188
3221 9477 188
3060 9364 188
1057 2799 188
3920 4050 188
2478 4883 188
839 3630 188
1910 8857 188
3132 7890 188
1362 3418 188
4687 8675 188
7132 8427 188
3960 5140 188
2274 7664 188
766 1396 188
341 8702 188
352 5314 188
950 4594 188
2589 5297 188
8530 9329 189
2192 9969 189
8011 8107 189
1839 5813 189
6237 7928 189
9614 9643 189
2845 5950 189
1371 3032 189
2853 2870 189
139 205 189
1149 6983 189
879 6324 189
5174 8317 189
2706 8310 189
431 4479 189
171 6650 189
5081 5570 189
2457 6092 189
566 1927 189
2336 7488 189
1978 7018 189
2076 2316 189
8221 8585 189
539 5144 189
3601 4764 189
7726 9707 190
665 4062 190
5453 7392 190
1943 7228 190
3233 9743 190
3581 8365 190
444 5963 190
2416 7201 190
4346 7922 190
5536 8173 190
2026 6694 190
6751 9081 190
290 5006 190
5090 8286 190
291 720 190
2330 7898 190
5217 8045 190
2246 3948 190
4925 5826 190
843 7917 190
2880 3651 190
911 2683 190
830 7305 190
885 6578 190
6795 9831 190
3790 5958 190
1919 7969 190
1556 1573 190
605 8053 190
5526 5841 191
1086 2766 191
2452 2664 191
3377 7198 191
1087 6391 191
2188 3134 191
248 8828 191
7189 8828 191
1700 7645 191
5656 9107 191
2371 9079 191
6181 7361 191
1341 3184 191
8238 8537 191
4220 9691 191
7503 9578 191
3324 8792 191
3454 3725 191
2627 4832 191
1527 2104 191
1199 8129 191
916 5155 191
1929 9617 191
3126 9139 191
2553 5018 191
5579 8735 191
3505 5537 191
6017 7234 191
3924 7732 191
9302 9688 191
521 4231 191
5825 7180 191
580 8917 191
2615 5734 192
481 6047 192
2089 4790 192
2815 7760 192
1260 8110 192
4358 8003 192
8096 8977 192
903 3106 192
230 2277 192
4675 9338 192
685 7933 192
2661 5351 192
1615 8691 192
4755 6337 192
1298 8109 192
3844 7195 192
1138 3618 192
2892 8501 192
2829 7386 192
1705 8090 193
3996 8488 193
2713 4545 193
7945 9336 193
5541 6466 193
4081 5759 193
3629 7707 193
1136 7470 193
159 306 193
6757 6986 193
4771 5292 193
3459 5394 193
1139 7331 193
2587 8879 193
2453 7425 193
827 6329 193
6709 7491 193
2226 5157 193
4175 7168 193
8219 8601 193
1834 7819 193
1141 4364 193
2298 5408 193
3213 4557 193
2354 8287 193
3674 7250 193
1270 3125 193
653 5216 193
197 7035 193
71 9863 194
8299 9621 194
2699 6952 194
6500 9635 194
3932 6086 194
2005 4760 194
6575 7581 194
3927 8945 194
627 6861 194
466 4451 194
4514 8270 194
1677 2135 194
4360 7994 194
4367 4864 194
7 5425 194
6932 9214 194
4706 6429 194
4123 7516 194
5129 6626 194
540 2799 194
1545 9766 194
6405 9606 194
1391 4763 194
3637 9848 194
3987 9361 194
5274 5437 194
1248 2961 195
2837 4427 195
3504 6106 195
3490 9920 195
553 8010 195
4386 8630 195
3156 8290 195
1221 8378 195
819 2225 195
357 9843 195
798 5397 195
7964 9016 195
1604 2454 195
1476 4386 195
1210 8295 195
4129 9756 195
3295 6440 195
2977 6760 195
181 2521 195
7049 9053 195
5155 7940 195
1595 2516 195
3432 9412 195
3273 3537 195
805 6304 195
7838 9897 195
3850 7122 195
5780 9134 195
7462 9337 195
2516 6252 195
3530 6821 196
4426 5334 196
896 7183 196
6950 8316 196
1058 8675 196
2737 9849 196
22 951 196
8341 9634 196
1266 2964 196
4494 5246 196
1767 9969 196
1643 4244 196
265 5752 196
1438 5982 196
5186 9882 196
4811 8432 196
3096 8666 196
5051 6353 196
2647 8377 196
7849 8543 196
4132 8730 196
2158 5778 196
388 8040 196
2437 3486 196
3326 3778 196
3576 6829 196
5692 9906 196
7594 7803 196
6460 9437 196
3620 4891 197
2668 6653 197
1716 5744 197
2076 5515 197
3225 6695 197
6942 9347 197
7998 8601 197
7447 8000 197
5737 8885 197
1972 5838 197
215 4266 197
3141 6264 197
1769 9786 197
9213 9408 197
1339 1495 197
3747 6632 197
8572 9292 197
8704 9884 197
2488 3172 197
3670 8404 197
1896 7883 197
1377 6088 197
774 6558 197
6479 7137 197
3808 6240 197
5431 5954 197
6062 7699 197
3925 4854 197
4677 8120 197
666 7317 197
4647 6339 197
750 5699 197
697 6127 197
870 3377 197
906 6054 197
522 2190 197
306 9870 198
3051 9447 198
5204 9584 198
1083 5149 198
6021 9444 198
7870 8359 198
6022 8614 198
945 6559 198
7828 9147 198
5159 6234 198
1063 4105 198
1796 4129 198
2650 6818 198
40 1302 198
993 9270 198
6515 9532 198
7776 9959 198
5146 5638 198
1664 7702 198
798 7793 198
32 2796 198
3145 4722 198
3147 5560 198
8446 8896 198
3105 8901 198
3468 5931 198
1502 7558 198
263 8669 198
1283 8117 198
7112 9804 198
56 7836 198
2142 6957 198
1136 1755 198
2859 5383 198
218 9741 199
4364 7231 199
3218 9830 199
3618 7006 199
1495 2542 199
4230 7698 199
4279 6839 199
728 7170 199
5252 6690 199
5220 5230 199
5052 7376 199
6663 6988 199
5629 8727 199
2351 7399 199
6156 7209 199
2341 4205 199
5978 7755 199
2584 4558 199
1762 2929 199
4305 6925 199
5563 9333 199
1075 2749 199
3395 7432 199
5730 8110 199
807 5886 199
2579 7330 199
1232 7554 199
2194 2618 200
3855 6185 200
2713 8489 200
4256 7996 200
5041 5816 200
4589 6532 200
2365 3359 200
992 1975 200
1288 4098 200
1353 3156 200
2543 4022 200
3570 5688 200
3178 4184 200
988 3135 200
1594 6018 200
831 4504 200
1543 7261 200
1333 4131 200
2562 3789 200
5430 8970 200
3403 7258 200
5207 6931 200
6536 7252 200
1540 7657 200
1642 6128 200
3761 3926 200
1470 2587 200
4903 9851 200
1155 8605 200
122 8109 200
3273 7641 200
5566 9359 200
1314 7089 200
566 6883 200
2417 9954 200
877 3187 200
3045 4680 200
412 721 200
269 7586 201
7269 9273 201
809 6777 201
3167 6871 201
804 4284 201
748 6296 201
676 6023 201
7338 9267 201
2125 5377 201
1095 9159 201
8882 9141 201
3479 7970 201
7669 7966 201
2790 9233 201
1634 2024 201
4294 8350 201
834 4306 201
6607 7815 201
5607 7888 201
140 1532 201
3295 8276 201
7616 8155 201
1948 9975 201
492 7370 201
1052 9455 201
3773 8124 201
2363 5151 201
1410 9295 201
74 7714 201
4821 9985 201
5548 8237 202
195 2333 202
1670 7388 202
445 4834 202
83 6775 202
3588 5873 202
2831 4693 202
2169 5944 202
1134 8922 202
2156 9827 202
4761 8637 202
328 7179 202
6947 8109 202
16 8470 202
8869 9701 202
3290 8011 202
41 3115 202
329 8391 202
3296 9662 202
1939 3688 202
6713 9200 202
5346 7416 202
8746 8888 202
1184 9833 202
2049 7321 202
1578 9246 202
3654 7796 202
7578 8736 202
1285 9001 202
1046 8185 202
2605 7215 202
5098 8486 202
5976 8354 202
4443 9931 203
507 5317 203
433 9879 203
597 5243 203
1630 8700 203
630 3743 203
4229 6381 203
9277 9507 203
1842 9658 203
3744 8561 203
4696 9213 203
2357 6205 203
1769 5988 203
485 2265 203
943 8352 203
580 8208 203
311 5929 203
1460 3645 203
3413 5735 203
2819 9285 203
31 1805 203
4886 8298 203
1593 3161 203
1469 7018 203
1831 3817 203
904 8906 204
1860 8203 204
2690 4544 204
6212 6570 204
4216 6288 204
1714 5898 204
6168 7748 204
102 8579 204
4208 7267 204
778 883 204
2837 4772 204
6926 9631 204
7487 9759 204
3665 4267 204
3614 9949 204
214 239 204
4404 9255 204
2717 8783 204
4867 5922 204
3626 9224 205
296 1396 205
9062 9433 205
1958 8122 205
3489 5006 205
323 8491 205
3037 5208 205
6516 9349 205
5601 7989 205
456 1868 205
3236 9658 205
8548 8834 205
3193 4069 205
5963 9216 205
3173 5191 205
3150 7859 205
7369 9999 205
5052 5695 205
2624 4409 205
2255 7494 205
6747 8220 205
4954 9763 205
6028 7736 205
1815 4656 205
4902 8991 205
8556 8606 206
1941 6654 206
3444 7726 206
1348 2188 206
717 8436 206
9227 9974 206
630 8788 206
1369 4589 206
5877 6861 206
5940 6411 206
4479 5222 206
354 8033 206
7640 8229 207
5332 5537 207
3738 4353 207
5243 9657 207
4207 8485 207
3984 5826 207
2324 8835 207
6084 7883 207
7042 9592 207
0 5256 207
4120 6057 207
2670 7323 207
2436 2855 207
3526 6587 207
5228 5538 207
3958 7415 207
1178 7966 207
338 8190 207
1981 9221 207
6918 9194 207
1921 9797 207
9006 9757 208
7845 8250 208
8231 9174 208
7230 7690 208
5902 7381 208
56 5400 208
1583 4245 208
450 1958 208
1247 2724 208
138 8184 208
6990 7949 208
6744 6977 208
8986 9849 208
3325 6311 208
3319 6445 208
5420 6833 208
3314 5254 208
359 1865 208
4962 9285 208
2259 7422 208
4206 8748 208
5812 7364 208
29 5405 208
198 6853 208
5860 7582 208
2602 5337 208
1091 7064 209
369 9749 209
652 1788 209
1099 2417 209
2789 9410 209
8705 9670 209
8276 9156 209
2783 4477 209
729 7168 209
1200 5165 209
4161 8675 209
6776 6897 209
2665 8280 209
7139 8725 209
4201 9977 209
6988 8441 209
2209 8437 209
1647 3347 209
4371 8531 209
6336 6358 209
803 5166 209
1055 6974 209
1630 1989 209
2899 9615 210
7418 9986 210
1569 6568 210
607 5900 210
3716 4583 210
5994 6101 210
1037 9672 210
217 6713 210
5804 9423 210
4771 7094 210
4313 9517 210
7205 8457 210
2195 4292 210
1887 4480 210
2930 8495 210
1531 1888 210
4569 7705 210
1335 1861 210
4953 8679 210
5733 8757 210
2610 5088 210
1072 7635 210
548 2302 210
2536 3497 210
176 3281 210
4893 9878 211
4919 9750 211
8315 9217 211
760 3785 211
3366 8192 211
3586 4303 211
6029 9335 211
3209 6756 211
5111 5179 211
757 9425 211
702 1981 211
1622 3526 211
341 3412 211
1306 8220 211
5520 5581 211
512 4848 211
53 8320 211
958 5512 211
8851 9950 211
8126 8457 211
1703 2036 211
412 6480 211
6612 7241 211
3200 9605 211
7484 8251 211
917 8977 211
195 3591 211
6853 9236 211
1355 6133 212
3118 6318 212
4539 9637 212
133 7450 212
2078 7938 212
3681 8233 212
2190 9604 212
5299 9280 212
299 4336 212
5312 6921 212
6337 8743 212
760 2414 212
5870 7719 212
6684 7531 212
1223 2520 212
1238 7801 212
6693 8271 212
1780 5266 212
1401 4844 212
7993 8395 213
2852 7503 213
1187 8639 213
482 9376 213
182 8134 213
3058 9857 213
6183 9780 213
1194 9891 213
2215 4050 213
2637 8869 213
1323 5940 213
4903 9499 213
526 5701 213
32 5914 213
1265 7485 213
279 3756 213
37 8364 213
357 5890 213
1620 6831 213
7343 8068 213
8288 8446 213
4329 7191 213
7737 8448 213
2342 9933 213
7559 7747 213
4688 4849 213
2782 4442 213
2763 3358 213
8220 8404 213
1917 9955 213
3599 5510 213
8361 9480 213
955 9681 213
3182 7285 213
3288 6966 213
6904 8062 214
1763 8778 214
3076 4034 214
409 9108 214
1776 6440 214
1674 4754 214
2139 3129 214
3483 6238 214
4348 8828 214
1 3954 214
4605 5658 214
1407 2639 214
3941 5574 214
1922 3526 214
3078 7345 214
4017 4663 214
2421 7106 214
2964 5141 214
999 4280 214
2492 8508 214
650 1663 214
1950 3931 214
827 3962 214
2226 6363 214
2630 5773 214
639 6064 214
6210 9667 214
2 1096 215
3704 3951 215
1481 2112 215
1153 9845 215
7586 7796 215
4882 4967 215
447 3183 215
7076 8591 215
3956 9193 215
3873 9107 215
9325 9586 215
365 2152 215
2181 6390 215
395 3548 215
5310 7034 215
6442 8483 215
5165 5865 215
659 4222 215
4187 9621 215
5876 7045 215
6185 7220 215
619 3290 215
4261 7874 215
6157 7366 215
6412 6820 215
3362 8108 215
2275 7847 215
5144 5752 216
560 7123 216
4088 9671 216
406 1497 216
327 4874 216
5246 9490 216
7308 8788 216
801 2298 216
919 9482 216
636 2303 216
7502 9320 216
7660 8549 216
3782 7833 216
2866 8316 216
145 2201 216
4880 4993 216
418 5529 216
1475 2807 216
1808 4966 216
8677 9461 217
5147 6010 217
4838 9283 217
4963 8303 217
2489 4358 217
3640 8817 217
818 860 217
1655 4378 217
4875 8548 217
6621 8694 217
3143 4103 217
1227 6084 217
1218 6085 217
4230 6268 217
2064 6439 217
6567 8907 217
6577 7662 217
4121 7816 217
1387 7950 217
2672 3819 217
2355 5793 217
2800 9406 217
1883 9097 217
2876 7389 217
1427 1437 218
1190 3633 218
5624 6085 218
6991 9484 218
2150 7570 218
454 4658 218
1208 2127 218
3316 6628 218
2550 7586 218
1829 8907 218
8346 9131 218
1292 3798 218
2793 6439 218
6019 7663 218
1526 1964 218
2952 7667 218
1487 5785 219
1444 9035 219
1439 2329 219
4220 7566 219
1738 7893 219
560 9025 219
8154 8966 219
3322 7257 219
7171 9179 219
3741 7702 219
4933 7233 219
1051 4982 219
1458 4492 219
4868 5165 219
3066 8283 219
1286 9402 219
186 8289 219
2161 3855 219
2514 8226 219
5088 7738 219
4342 9625 219
2510 5242 219
390 1536 219
1236 6150 219
4925 9219 219
1428 8198 219
1822 2438 219
6791 9173 220
4407 5257 220
1707 8737 220
684 7556 220
1550 2277 220
1371 8740 220
4760 7544 220
458 664 220
397 3020 220
458 4657 220
1014 6874 220
224 7390 220
4142 7389 220
749 6039 220
0 7972 220
1517 8511 220
5796 9400 220
907 1504 220
3715 8159 220
2296 3935 220
487 1926 220
75 319 220
350 2213 220
2198 3722 220
785 4311 220
1779 3732 220
575 3102 220
5468 6613 221
911 971 221
4989 6368 221
2721 4120 221
1132 3094 221
2799 7423 221
6949 8505 221
1015 8583 221
1883 5666 221
3135 5497 221
3251 8108 221
556 8533 221
555 892 221
5050 8797 221
5636 7669 221
4161 5000 221
5056 6863 221
5235 6794 221
5136 7238 221
2073 6841 221
9231 9665 221
1053 9454 221
3071 5265 221
4225 5857 221
875 6909 221
221 6797 221
5108 7607 221
4390 8362 221
30 7213 222
2508 3305 222
7919 9913 222
6884 7194 222
3345 8345 222
881 8163 222
6486 9840 222
4581 5820 222
7148 7984 222
7490 9233 222
1874 2704 222
2261 3923 222
2788 4639 222
6011 7952 222
1051 2281 222
1279 2418 222
3252 6793 222
2521 5888 222
942 3720 222
962 4945 222
9642 9731 222
1034 2281 222
2542 8232 223
8016 9045 223
1810 8928 223
1857 7837 223
2979 3036 223
2114 9343 223
6390 7388 223
4043 4732 223
6052 6256 223
4387 4732 223
7614 8050 223
1990 3607 223
2088 3129 223
3361 4923 223
3772 4326 223
891 7716 223
4371 6279 223
1366 6380 223
7159 9421 223
3115 4233 224
3111 6021 224
846 9699 224
1172 5878 224
3090 5328 224
7566 8690 224
3181 4755 224
752 4693 224
7673 9363 224
26 8705 224
3859 8333 224
7413 8919 224
1745 8979 224
2739 2958 224
205 4366 224
4249 4287 224
6207 8168 224
9439 9922 224
5832 6893 224
1655 5690 225
201 9539 225
2437 4746 225
61 3494 225
7991 8434 225
207 4030 225
4039 7536 225
2210 3201 225
4999 5341 225
4710 5811 225
1570 8831 225
6064 7439 225
2420 8315 225
1633 2162 225
3579 9854 225
9053 9102 225
6837 9242 225
8180 8449 225
4497 9616 225
7483 9305 225
3578 6813 225
5982 8444 225
6480 8587 225
1837 4877 225
8844 8972 225
9314 9573 225
9754 9980 225
8850 9112 225
3676 6422 226
4058 9137 226
8071 8849 226
1282 7980 226
82 7211 226
1252 6246 226
3742 6115 226
6670 9785 226
5965 7683 226
3311 8483 226
4786 8267 226
1627 8475 226
2366 9576 226
5665 9450 226
900 9392 226
7985 8477 226
3689 5078 226
1481 4905 226
59 9687 226
6464 7490 226
2439 5531 226
6084 7196 226
4669 5308 226
2179 5004 226
3959 8901 226
3866 4053 226
2224 3959 226
4445 8555 226
4356 6666 226
5419 8390 226
1653 3090 226
558 8389 226
112 6771 227
2560 5624 227
2164 2511 227
4417 9992 227
3237 8021 227
1944 7020 227
7477 7549 227
5738 6528 227
3327 9194 227
7513 8277 227
2147 2572 227
5320 7461 227
1520 4791 227
2720 8564 227
2413 7981 227
717 8445 227
7455 9006 227
3275 9631 227
6646 8277 227
5838 9420 227
1798 5999 228
1910 5253 228
2678 6020 228
6725 7765 228
859 2607 228
4478 8978 228
7554 9704 228
5205 8482 228
5345 5864 228
901 2499 228
1457 2811 228
3572 6174 228
3870 6031 228
4630 7929 228
1252 4872 228
308 1243 228
225 8610 228
4027 8405 228
4895 5887 228
4664 5458 229
7278 9997 229
3608 9072 229
9 9293 229
33 6847 229
3962 4829 229
1244 4662 229
3601 9440 229
975 9251 229
4502 7420 229
3178 8328 229
2652 4117 229
2867 6212 229
1967 6908 229
1602 2974 229
3809 9440 229
6521 7426 229
2722 7873 230
6062 8281 230
4255 9037 230
7686 9857 230
268 1135 230
184 4149 230
2946 6934 230
2861 4028 230
4559 7729 230
3028 9575 230
5697 6441 230
678 4207 230
434 6671 230
2869 3540 230
1166 9936 230
1763 7268 230
1216 3930 230
5662 8743 230
2312 3222 230
2132 6846 230
2739 9315 230
2312 3223 230
215 6398 230
2022 3752 230
7674 8176 230
5786 6005 230
578 4310 230
775 2850 230
1380 9926 230
2930 3551 230
1766 3959 230
3268 9437 230
4248 5465 230
349 1853 230
1472 9689 231
2585 4257 231
1515 6948 231
6307 6566 231
3886 7163 231
638 1228 231
125 4460 231
86 3544 231
2029 9855 231
2275 3766 231
5809 9219 231
3267 5349 231
5809 8490 231
1032 7655 231
3233 5163 231
4159 7638 231
4491 7782 231
2570 8435 231
184 8883 231
3389 5688 231
6140 8965 231
3108 6635 231
1579 9413 231
6878 9401 231
2190 9615 231
842 2166 231
7845 9537 231
5875 6917 231
4977 9464 231
2192 6170 231
2067 9560 231
4817 8683 231
9110 9671 231
8035 9144 231
5271 5596 232
3555 9708 232
2544 3483 232
1514 7005 232
475 6863 232
2601 7788 232
968 2476 232
7265 9798 232
4341 6892 232
2794 8899 232
1155 4852 232
171 227 232
4904 8976 232
4745 6766 232
9017 9803 232
4234 5715 232
3492 4084 232
3906 7926 232
7703 9659 232
2761 5032 232
8330 9196 232
918 8815 232
5038 5605 232
1433 6466 232
769 6072 232
7811 9090 232
929 4476 232
3527 4008 232
1887 3937 232
7277 9735 233
4421 5240 233
1407 1457 233
1174 8092 233
6523 7943 233
7868 9187 233
5112 5845 233
4695 9771 233
242 1848 233
2269 8201 233
3231 7099 233
1972 3101 233
2669 7578 233
3165 8623 233
6690 7221 233
3140 5084 233
3354 7561 233
2584 4950 233
203 3231 233
974 1631 234
7418 7692 234
5531 7124 234
2325 3084 234
2673 7549 234
1839 8121 234
383 7303 234
3383 3967 234
4346 6840 234
1920 4030 234
7029 7866 234
4726 8420 234
3065 6538 234
5516 8527 234
364 7693 234
3274 5365 234
4243 8431 234
4574 6356 234
1338 5098 234
3996 4126 234
3538 4398 234
6155 6687 234
505 9858 235
5362 6562 235
1139 4839 235
1482 3413 235
8270 9851 235
743 7284 235
8318 8466 235
4439 9053 235
4581 8776 235
4055 8955 235
3859 7557 235
907 7962 235
2943 2954 235
33 7579 235
227 8668 235
2877 7082 235
4022 9030 235
7624 9780 235
1774 7776 235
5118 9073 235
64 1121 235
2798 5551 235
1444 9298 236
2728 6517 236
608 4813 236
107 8533 236
7759 9282 236
2183 8468 236
483 8375 236
9101 9528 236
1618 4635 236
2334 8895 236
4787 9079 236
5028 5465 236
32 3456 236
3871 8730 236
101 2578 236
1503 1756 236
3322 3857 236
3047 9265 236
773 1005 236
4879 9434 236
9019 9642 236
811 9498 236
6562 8940 236
1844 6939 237
5265 7533 237
1348 1841 237
806 1686 237
1821 6271 237
3659 4517 237
197 5137 237
7625 9248 237
1040 8586 237
8364 8778 237
2829 6935 237
2377 6628 237
5379 5816 237
2091 2606 237
6970 8798 237
1142 5554 237
1504 3547 237
5805 9401 237
6996 8305 237
3561 5637 237
133 9020 238
5815 9636 238
7994 8512 238
5533 9415 238
168 3841 238
5649 7621 238
3878 9535 238
4217 4643 238
4728 5864 238
18 9047 238
1790 4100 238
4907 6943 238
832 8942 238
269 2157 238
2160 8080 238
2523 9221 238
3570 8416 238
3338 8721 238
2209 4847 238
2646 3459 238
2344 4600 238
991 4489 238
4421 5596 238
5971 8447 238
5788 6235 238
3924 5063 238
1245 1816 239
3566 7746 239
4749 5817 239
2783 7660 239
4378 5913 239
1062 2591 239
2780 8497 239
647 5834 239
1700 3949 239
6090 8391 239
9852 9919 239
6393 9839 239
1658 4066 239
7217 9708 239
36 2529 239
6455 8131 239
748 3655 239
6513 6882 239
1144 4353 239
2733 3908 239
1941 9235 239
1305 8127 239
810 1223 239
3833 8059 239
6270 9499 239
530 2976 239
6128 8022 239
353 4350 240
345 4569 240
4588 9306 240
6052 6644 240
7231 9349 240
2999 7345 240
2262 4801 240
1777 3558 240
3049 5668 240
7265 7680 240
4085 4462 240
516 4641 240
2148 6000 240
8233 9142 240
372 6365 240
2295 2576 240
1388 4841 240
697 2663 241
1581 5843 241
4188 7543 241
1938 7286 241
953 6929 241
519 2179 241
4682 9332 241
886 8116 241
4341 5406 241
598 5858 241
2477 4990 241
4120 4524 241
1242 5555 241
5762 6503 241
5240 6718 241
4469 5054 242
1229 1490 242
9394 9813 242
4439 5634 242
2780 5287 242
7415 7499 242
3630 5558 242
4826 9663 242
3942 5250 242
7154 7498 242
2578 8501 242
1073 9303 242
7530 8703 242
2564 5023 242
1562 4091 242
73 7199 242
2882 8740 242
5140 9329 242
2313 4819 242
1370 2913 242
7405 9008 242
3011 9146 242
3636 6883 242
4189 5224 243
1442 5976 243
305 6795 243
2719 4107 243
785 8190 243
3684 3766 243
541 2278 243
1064 3101 243
2304 6711 243
3647 5528 243
8307 9254 243
1810 8268 243
2004 5914 243
2087 9387 243
526 4711 243
722 7819 243
5419 7351 243
3763 8976 243
4940 9504 243
2587 9631 243
5936 6634 243
1917 2541 243
997 6312 243
6308 8235 244
1340 1463 244
6797 8091 244
3806 5263 244
2051 8751 244
5187 5660 244
287 5816 244
5738 8594 244
3679 5338 244
2022 5448 244
8511 8729 244
7247 8700 244
2349 2445 244
4334 5903 244
7177 8911 244
3391 3998 244
8440 9914 244
5533 5762 244
2611 4908 244
3080 4384 244
5225 6320 244
3439 8889 244
838 949 244
6647 7990 244
3571 7171 244
1366 7310 244
6934 7960 244
2789 3582 245
2233 2732 245
607 5855 245
7442 8197 245
3800 5577 245
3562 8249 245
773 6160 245
3342 7341 245
2830 5920 245
950 6674 245
4372 6635 245
2635 3440 245
1597 6686 245
3520 5154 245
956 7433 245
1747 5712 245
2019 8728 245
2921 4259 245
1785 4704 246
2723 9493 246
6133 7092 246
16 6102 246
280 1693 246
1421 4653 246
1928 2968 246
315 9520 246
565 941 246
2283 7549 246
228 7941 246
5406 7976 246
2389 9469 246
3620 8139 246
1133 5480 246
8545 8656 246
6619 7186 246
4202 7511 247
7055 9623 247
3956 5641 247
8638 8940 247
8092 9649 247
2373 5069 247
1426 9864 247
1152 5076 247
6430 9613 247
1800 6131 247
2962 6910 247
1333 9716 247
398 9136 247
7553 8810 247
2076 5754 247
3535 8024 247
5026 6685 247
4403 7964 247
421 9892 247
1879 4385 247
3841 7868 247
1475 6525 247
7832 9465 247
4286 7623 247
730 7771 248
2317 8616 248
8242 9360 248
4819 7077 248
2840 9375 248
3215 8006 248
5245 7880 248
1884 2349 248
5117 5222 248
1929 5046 248
5323 7901 248
5824 6603 248
2331 9392 248
3572 6027 248
979 9992 248
4924 9377 248
9014 9309 248
1170 9945 248
3004 7017 248
1500 8028 248
5678 9373 248
2457 9792 248
4690 9296 248
3384 7344 249
3562 9859 249
5848 9526 249
1921 5407 249
292 9720 249
4645 9291 249
859 3982 249
8295 9374 249
1110 8146 249
2205 2798 249
1080 6104 249
3814 5853 249
2263 4798 249
4304 7126 249
2933 9548 249
1059 3360 249
899 6203 249
1630 7002 249
4910 8937 250
246 8915 250
4237 5394 250
2386 2486 250
3191 7535 250
113 4742 250
1020 9184 250
129 7001 250
3292 8366 250
457 9647 250
90 8964 250
6234 9216 250
1493 2866 250
575 2295 250
344 6697 250
4397 9536 250
5027 8204 250
542 7132 250
2049 2922 250
383 8770 250
6146 7978 250
5687 7979 250
638 7550 250
51 4370 251
2188 9259 251
4773 6871 251
3114 5252 251
8517 9846 251
3846 8610 251
5201 5699 251
6453 8010 251
1765 4432 251
7849 8092 251
137 7927 251
2493 6488 251
212 524 251
515 9484 251
1826 6367 251
7504 9205 251
6229 6816 251
4782 7947 251
4631 7043 251
5044 5669 251
1902 2559 251
3625 9253 251
6520 9871 251
1782 8455 252
1629 5814 252
974 7630 252
5691 9140 252
4588 4735 252
1167 3707 252
4242 5974 252
4083 9040 252
195 954 252
3285 5630 252
4716 5097 252
2278 8876 252
794 881 252
3583 5061 252
4816 8359 252
3498 7218 252
9370 9591 253
3611 5870 253
1347 6513 253
4167 9333 253
4997 6934 253
2455 4474 253
445 7066 253
1458 4003 253
6471 7078 253
7980 9085 253
99 5171 253
9718 9927 253
2184 8948 253
115 4090 253
3308 6370 253
6300 9470 253
7579 7742 253
6783 7042 253
6672 8279 254
2797 7865 254
8174 8707 254
3584 7377 254
6414 9564 254
4727 5249 254
8828 9192 254
994 8906 254
9404 9982 254
1378 7715 254
3624 4898 254
3680 6439 254
1331 3712 254
2959 3382 254
5856 6759 254
61 2133 254
4293 4415 254
5089 6895 254
2406 3486 254
1799 6506 254
3030 3965 254
182 6196 254
6310 7130 254
3117 3128 254
708 4202 254
3157 8314 254
7621 7909 254
7265 7445 254
2888 4044 255
282 6006 255
2069 5438 255
5849 8941 255
5384 6639 255
410 7128 255
6698 6784 255
6846 7109 255
5026 7723 255
8684 9116 255
6627 9201 255
3315 7431 255
396 1431 255
2667 8646 255
1664 3586 255
1787 8808 255
1621 3770 255
736 2785 255
5336 6550 255
7609 8843 255
5672 5927 255
8679 9986 255
2770 5343 255
948 5569 255
88 5417 256
3861 7009 256
2471 4167 256
5444 5536 256
2733 4102 256
4730 5084 256
5354 7992 256
785 2193 256
7773 9989 256
7518 9527 256
5334 6085 256
211 4513 256
428 4096 256
284 4890 256
1804 2475 256
3834 4272 257
7771 8961 257
4324 8300 257
3378 4623 257
527 8467 257
9655 9932 257
5811 6466 257
2710 9698 257
1556 7114 257
4662 7150 257
3239 5890 257
488 2775 257
5346 9859 257
3027 9967 257
7162 9918 257
351 5470 257
600 3312 257
2360 6354 257
2185 3647 257
375 5629 257
7956 9276 257
1730 3976 257
880 3058 257
6445 8429 257
4875 7701 257
5732 7060 257
4069 4788 258
2128 8299 258
1253 7633 258
8062 8195 258
4525 7719 258
90 5959 258
6982 9923 258
817 7643 258
3734 4261 258
1172 4270 258
2598 9994 258
4859 9878 258
6554 8936 258
9071 9791 258
2492 5056 258
2227 2836 258
1631 7719 258
7211 7451 258
2742 3271 258
9095 9733 258
6109 8846 258
200 5650 259
6780 6782 259
532 6981 259
6516 8584 259
145 7822 259
189 7015 259
4226 8115 259
3387 3513 259
948 5802 259
1742 9880 259
4260 9467 259
3734 4827 259
1477 6968 259
3264 7791 259
841 4002 259
4665 7647 259
6595 7603 259
1809 2512 259
2705 8833 259
6969 8912 259
800 9340 259
2606 4057 259
1989 8506 260
5569 6586 260
6152 6852 260
5553 6328 260
1070 2263 260
8492 8495 260
4179 7916 260
3724 9593 260
955 5670 260
995 4037 260
3205 5790 260
3342 8239 260
2730 5486 260
4077 5842 260
2387 7487 260
820 850 260
6913 8397 260
173 9857 260
1542 3883 260
4792 4980 260
5878 7291 260
2002 2664 260
1266 5988 260
1880 5337 260
4946 7660 260
4399 5972 261
2182 9570 261
2758 8464 261
2105 8094 261
4176 9037 261
144 4899 261
1645 3908 261
1601 9002 261
3075 9540 261
3748 6144 261
8555 9707 261
1900 5836 261
4632 6142 261
2172 3892 261
1386 7704 261
290 5957 261
5985 8268 261
8387 9022 261
7648 9638 261
5620 8053 261
5564 9429 261
867 8210 261
6542 8595 261
2259 9702 261
388 4519 262
4398 8493 262
2204 9187 262
8345 8802 262
685 9645 262
5076 8892 262
3832 9598 262
1978 9457 262
5230 7164 262
2161 5109 262
1371 4163 262
2757 5451 262
1371 5010 262
1972 3637 262
1625 4144 262
6885 8445 262
1650 8260 262
4810 8508 263
907 7794 263
5081 9508 263
2530 5962 263
2761 3906 263
6561 9119 263
6428 7851 263
2017 2678 263
6871 9569 263
754 3684 263
3310 3786 263
5199 6751 263
3539 6037 263
2690 3890 264
6199 9325 264
3775 6283 264
158 7336 264
426 5652 264
1523 5286 264
2107 2789 264
1240 8556 264
5925 8880 264
5523 8197 264
6733 7601 264
6451 7311 264
3333 5531 264
1043 8861 264
6600 7515 264
592 5259 265
1088 1187 265
7200 7906 265
4354 7067 265
2469 4697 265
4140 9816 265
615 1083 265
2691 5183 265
3874 9378 265
2148 6186 265
7880 8868 265
4443 6103 265
204 6364 265
6067 7099 265
2947 8544 265
7786 9280 265
3087 7104 265
7226 8030 265
1090 9813 265
3210 6350 266
4853 5548 266
4381 6934 266
5193 6591 266
3409 6700 266
283 7355 266
1623 4185 266
1624 8234 266
2490 8621 266
2568 7712 266
1284 7456 266
3026 7279 266
4459 6982 266
1301 7658 266
2159 2402 266
6257 9075 266
4213 6865 266
1178 6524 266
6032 9624 266
1826 7200 266
2820 5736 266
3464 3802 266
29 6272 267
6170 7061 267
1214 4305 267
5318 7945 267
6191 8936 267
8542 8823 267
1318 1822 267
1056 2633 267
4241 6062 267
1538 7794 267
1467 4033 267
622 2230 267
4602 8975 267
3650 6692 267
1801 7901 267
4006 4292 267
496 5650 268
1577 9698 268
4659 8818 268
6629 9701 268
858 9202 268
2786 3365 268
5905 6223 268
984 6113 268
1347 3403 268
1205 5012 268
5313 8890 268
778 6689 268
7562 9131 268
1527 5351 268
5897 9013 268
7777 8238 268
216 9855 268
5661 8380 268
2738 5500 268
1043 2205 269
5350 9928 269
2062 8230 269
5987 7749 269
611 6577 269
1432 2992 269
7641 7887 269
1130 9725 269
386 7996 269
1036 3013 269
1196 2520 270
2314 5203 270
4728 7534 270
2279 6778 270
1945 3337 270
1754 3816 270
6995 8060 270
3318 5297 270
2340 9107 270
4041 9317 270
558 2367 270
1791 2678 270
2113 6669 270
1127 9712 270
5733 9260 270
4516 8414 270
1862 5971 270
3385 5091 270
457 9958 270
3603 5202 270
1741 4962 270
1272 4597 270
625 5257 270
6821 7841 271
704 5614 271
9694 9939 271
5533 7627 271
343 8513 271
6738 7153 271
2756 4288 271
1797 8727 271
2150 4238 271
57 5661 271
1056 7600 271
2303 4501 271
1304 6328 271
4660 9485 271
7065 7833 271
141 2978 271
3644 9602 271
4996 8711 271
3397 6962 271
1342 2178 271
2392 3554 271
1957 8564 272
1899 6124 272
6749 9795 272
3629 6501 272
3406 3897 272
5470 6016 272
86 6939 272
6317 6334 272
286 4046 272
7306 8864 272
2717 9624 272
1707 6588 272
3289 3906 272
197 1431 272
2402 4167 272
8041 8923 272
270 4172 272
5527 9765 272
5496 7316 272
99 6708 273
1202 2199 273
454 4606 273
7239 8768 273
5307 5611 273
62 8451 273
3800 7731 273
1955 4267 273
5388 7236 273
1081 5964 273
3621 5697 273
7580 7601 273
5703 6850 273
4129 5862 273
5020 8872 273
5317 8802 274
1792 7192 274
1461 2154 274
4294 9717 274
2559 4881 274
2602 4117 274
2526 7791 274
884 8726 274
5915 9048 274
6638 7467 274
6567 8578 274
1868 8161 274
5058 6822 274
548 4217 274
1325 3703 274
261 9527 274
6075 7887 274
4569 8406 274
8376 9182 274
5253 7668 275
498 6953 275
200 1700 275
6704 9439 275
1140 8683 275
5034 8935 275
946 3020 275
4726 5791 275
1895 2933 275
5360 9983 275
793 8350 275
4515 6356 275
2103 5379 275
1356 7733 275
3332 6026 275
1209 8247 275
7466 7821 275
2317 3590 275
604 9599 275
130 5030 275
7651 7994 275
3929 7168 275
5341 5881 276
2118 9904 276
110 991 276
332 3005 276
1935 4802 276
8266 9301 276
1152 1803 276
127 270 276
9423 9627 276
1352 6345 276
2003 2843 276
4038 7037 276
7184 8888 276
1385 9908 276
5964 8863 276
3230 8518 276
4874 6998 276
6922 9194 276
1746 4273 276
1130 2382 277
8159 8922 277
113 7885 277
1991 5099 277
1126 5628 277
309 6739 277
3476 9051 277
7105 8176 277
7863 7995 277
9489 9712 277
3748 4433 277
2481 6596 277
1466 7473 277
2256 7108 277
1632 2199 277
66 9814 277
2117 8686 277
3217 9973 277
1331 1942 278
1775 5966 278
5671 7571 278
4617 5631 278
2825 8436 278
5826 9869 278
466 9007 278
987 7476 278
2569 3160 278
6050 6841 278
4014 9191 278
1667 4549 278
3556 7445 278
3924 8296 278
7923 8196 278
1316 9432 278
3001 9485 278
2241 5039 278
7757 7955 279
5704 6327 279
646 9101 279
5693 8796 279
2521 6240 279
600 2979 279
5352 9647 279
3473 8299 279
7739 9888 279
4657 6397 279
4409 6490 279
121 2875 279
4074 6812 279
3233 9318 279
2560 9574 279
2833 8600 279
2545 9267 279
4020 9120 279
1116 3154 279
3877 8197 280
6383 8223 280
167 5364 280
1488 2293 280
4720 6749 280
1728 6560 280
5170 7147 280
856 4211 280
2755 9366 280
3538 4188 280
4232 9024 280
687 3224 280
593 1574 280
3888 8870 280
2668 3957 280
223 4960 280
2623 3672 280
3705 4880 280
914 4454 280
1874 6545 280
1455 1682 281
1525 2254 281
908 1217 281
2085 3866 281
4523 8685 281
2424 3459 281
756 9326 281
8001 8516 281
4612 6245 281
3248 7308 281
1955 8002 281
6683 9146 281
4891 7498 281
1879 9284 281
1615 2143 281
498 686 281
6628 9551 282
834 1793 282
2208 8313 282
6474 8729 282
4939 6405 282
4275 4586 282
2897 8045 282
5773 7339 282
1527 9885 282
5910 6653 282
8407 9257 282
1288 7257 282
1430 5290 282
2487 5680 283
3973 6961 283
4436 9766 283
100 6694 283
2907 5726 283
4881 5275 283
2010 2560 283
4893 8011 283
2894 6075 283
4352 8852 283
2874 6281 283
1614 5254 283
837 3850 283
77 6723 283
2348 7737 284
2278 3955 284
5153 9373 284
5701 7227 284
6274 6278 284
9555 9931 284
4162 9389 284
2642 5619 284
93 9807 284
4533 4881 284
3638 5998 284
96 9203 284
3572 6105 284
6869 7201 284
442 3702 284
8005 9744 284
3561 9153 284
1 3311 284
4952 6622 284
4348 4485 284
7431 9998 285
7269 9438 285
3918 5882 285
1756 9279 285
201 689 285
86 3628 285
3976 8789 285
6148 8741 285
5791 7508 285
6131 7782 285
3281 4076 285
2219 5355 285
2222 4007 285
927 9927 285
608 2595 285
1797 1943 285
6842 9062 285
7889 9065 285
2764 8587 285
7604 8761 285
342 9125 286
158 5664 286
4474 7617 286
6893 9853 286
1620 4981 286
6349 7083 286
6214 7630 286
2497 7008 286
4699 7018 286
1300 7124 286
5147 6086 286
8390 9642 286
5059 8065 286
5239 7396 286
5583 9263 286
2316 8698 286
1440 3434 287
4481 4527 287
7857 9778 287
5195 9456 287
461 1193 287
6670 9533 287
5127 7405 287
2206 5171 287
2073 5428 287
4001 4334 287
2950 9837 287
585 4786 287
169 7552 287
4721 5332 287
907 4075 288
6009 7185 288
3641 8991 288
2640 7588 288
4971 8969 288
2183 9734 288
3605 7831 288
6416 9580 288
7341 8228 288
2120 9347 288
2921 6496 288
6498 6941 288
1599 1872 288
695 1808 288
1444 8225 288
1310 8102 288
5381 7961 288
4915 5470 289
1432 2539 289
2255 7720 289
258 934 289
15 3452 289
1293 8524 289
3365 3725 289
8140 9600 289
5030 6689 289
6050 8903 289
2165 9893 289
3639 8878 289
509 1537 289
0 190 289
4626 7359 289
1724 5319 290
7802 9621 290
2549 7872 290
1639 9079 290
5686 7204 290
467 3485 290
817 6372 290
178 6573 290
1605 4283 290
6752 8474 290
6045 6089 290
2128 7173 290
2229 2427 290
596 9361 290
2139 4061 290
1871 7482 290
32 1411 290
4149 6409 291
502 2962 291
5136 8893 291
673 3882 291
4121 7041 291
2361 3387 291
2653 4411 291
2369 9026 291
138 7726 291
3219 9810 291
1429 7683 291
2722 3257 291
859 6752 291
1547 3045 291
377 7041 291
7235 8173 291
6218 6730 291
989 6680 291
815 1672 291
3296 6233 291
1188 5163 291
1359 4171 292
2629 9068 292
1175 5511 292
1480 4204 292
8019 8398 292
1108 3608 292
1630 3460 292
574 8582 292
2361 3262 292
3475 8146 292
5358 9687 292
2434 4139 292
2051 7157 292
2486 5896 292
4611 9713 293
272 3136 293
2405 9206 293
1672 4323 293
38 6110 293
1930 5901 293
523 886 293
1612 9935 293
313 8072 293
4570 7650 293
301 5923 293
4876 8484 293
1911 8777 293
673 7038 293
4850 9758 294
824 8873 294
6175 8506 294
8544 8683 294
2045 6602 294
6586 7858 294
5444 9865 294
693 3693 294
2938 3865 294
298 7847 294
154 2275 294
3791 4695 294
5030 5475 294
1158 8070 294
2813 3958 294
463 5972 295
2137 3587 295
548 2751 295
6454 9905 295
4347 7875 295
6505 7920 295
1747 3916 295
107 6763 295
1930 4359 295
7038 7788 295
4973 8903 295
5746 8214 295
4640 8310 295
1091 4918 295
376 8180 295
4082 7116 295
494 2401 295
5053 6292 295
4073 8828 296
1876 9135 296
8585 9669 296
2018 2275 296
1290 4088 296
1762 4442 296
1086 3409 296
1923 2562 296
2571 8718 296
3773 7698 296
6849 9621 296
1746 8635 296
2604 4339 296
4115 7387 296
465 4070 296
6748 8386 296
3593 5218 297
7475 7937 297
2507 8161 297
5344 5807 297
2662 8578 297
2327 2952 297
2145 8694 297
2755 7030 297
6946 7343 297
661 5874 297
2212 3482 297
3119 8494 297
3918 5724 297
1464 2580 297
7654 8311 297
2164 5627 297
9459 9693 297
1847 1987 297
5213 6174 298
118 3879 298
1528 2407 298
4 9280 298
7831 8098 298
8050 9867 298
3010 5661 298
6913 9431 298
2378 9021 298
6004 6655 298
4968 5224 298
2284 8539 298
2446 9093 298
8907 8962 298
4995 6063 298
1264 1371 298
2240 7551 299
4920 6875 299
791 8325 299
2110 3185 299
4930 7432 299
601 3282 299
102 2450 299
4294 7826 299
5258 6480 299
828 3272 299
2515 3129 299
2354 6207 299
1743 4676 299
301 3253 300
2835 5798 300
3386 6194 300
659 3982 300
7986 9715 300
7472 9379 300
5181 9282 300
7264 9041 300
288 3245 300
6939 9113 300
2078 2511 300
3985 9791 300
1456 6749 300
1621 8710 300
3667 8430 300
569 6602 300
1060 4062 300
4275 6475 301
635 4314 301
2576 7304 301
1361 5990 301
627 7367 301
3169 6576 301
899 2933 301
48 4401 301
4809 9708 301
6387 8278 301
8455 8615 301
2009 3166 301
4554 9266 301
72 3040 301
459 7748 301
2752 4307 302
926 5785 302
6704 9273 302
4928 6068 302
1731 8194 302
4890 5032 302
3584 4911 302
5232 6881 302
3642 9047 302
3113 4244 302
2401 6083 303
3689 8623 303
2481 5632 303
4839 8111 303
2264 9304 304
1259 7762 304
4500 5132 304
254 7375 304
4258 9421 304
2425 3768 304
1050 7309 304
8297 9587 304
5703 7149 304
5966 6384 304
3596 4097 304
6325 7456 304
2465 6693 305
2953 5195 305
1510 7775 305
7364 7644 305
2144 3784 305
4030 4564 305
3145 3174 305
4553 8415 305
1408 4420 305
1320 7146 305
7534 9126 305
8859 9194 305
3585 5498 305
754 1423 305
7120 9371 305
192 6977 305
5086 5682 305
4087 7923 305
482 5402 305
6306 6307 305
4066 6125 305
1808 4585 305
1917 3946 306
2311 5193 306
7011 8071 306
4473 6491 306
2083 8427 306
3672 5606 306
8209 9668 306
4705 5615 306
5170 5854 306
2662 6762 306
1254 4877 306
738 8788 306
2396 8903 307
6322 8981 307
6701 8752 307
5116 5587 307
342 8818 307
660 5938 307
5003 9250 307
2827 6879 307
1729 2867 307
4215 5863 308
258 1471 308
19 9082 308
3716 9051 308
4423 5996 308
1033 9127 308
1894 3843 308
8723 8775 308
1078 2595 308
3688 9973 308
1183 7696 308
1746 6113 308
734 3967 309
933 4682 309
2396 5791 309
3677 4147 309
2414 6835 309
3577 4799 309
6162 7509 309
1870 8814 309
704 6317 309
3100 5801 309
2768 4777 309
5575 6951 309
1199 8056 309
1711 8327 310
93 1827 310
3501 5089 310
3851 5448 310
377 1816 310
8256 8304 310
842 4024 310
3462 6834 310
850 1935 310
4102 6309 310
8697 9077 310
7120 9104 311
5067 8222 311
2856 9421 311
2074 4722 311
1832 5915 311
1512 5378 311
8153 9362 311
3181 9600 311
5522 7072 312
5016 8071 312
401 746 312
3257 5469 312
2461 5951 312
4049 4931 312
5921 9640 312
9471 9472 312
191 7544 312
8482 9574 312
905 3300 312
2170 4935 312
5792 9909 312
2970 7858 312
172 1840 312
7520 9918 312
7350 8214 312
5883 6153 312
1816 6368 312
587 7207 313
253 5134 313
1706 7860 313
3749 4949 313
6481 7463 313
2288 4565 313
3291 3516 314
1145 2550 314
3555 6096 314
889 6697 314
3459 5035 314
4180 5692 314
9393 9956 314
9015 9740 314
3502 9240 314
4471 5856 314
8283 9549 314
1859 4180 314
4803 6619 314
740 4942 314
2884 6178 314
5037 8070 314
2326 5704 314
6241 8202 314
1345 3456 314
3820 4616 314
2131 8820 315
4755 8408 315
2164 6083 315
400 8837 315
3430 3900 315
593 1636 315
3521 9813 315
3408 9449 315
2315 6083 315
355 4414 315
1851 3074 315
3724 9043 315
3593 6163 315
15 7441 315
2960 4334 316
6552 7025 316
896 7792 316
262 1988 316
6300 6730 316
710 8117 316
488 1080 316
2452 8965 316
1148 7247 316
4093 5130 316
4693 9252 316
1076 3549 316
5634 6298 316
1584 5546 316
6438 9064 316
4082 9389 316
1708 8833 317
714 8365 317
7290 9700 317
604 9715 317
4507 9724 317
1880 4825 317
2271 8380 317
341 2391 317
3666 5570 317
1515 7790 317
5594 7275 317
4349 9294 317
5291 7806 317
1377 4355 317
671 3590 317
588 5051 317
218 4001 318
6210 6618 318
1503 8762 318
2787 2941 318
435 3320 318
3335 7373 318
1533 5590 318
6082 7974 318
2102 8151 318
731 8369 319
378 5192 319
913 2123 319
1784 7746 319
6592 7238 319
1773 3519 319
522 8668 319
4951 8053 319
6158 7560 319
6364 6506 319
606 2754 319
6182 8031 319
2556 8332 319
5898 8902 319
4555 5823 319
2235 6994 320
8616 8825 320
120 1535 320
2939 5502 320
2831 7184 320
5269 7090 320
2979 5188 320
2564 8856 320
1233 1901 320
7980 9469 320
1817 9338 320
7278 8412 321
5105 9949 321
2744 8617 321
2303 2770 321
2687 6118 321
427 1551 321
1878 4870 321
8065 9862 321
2712 4108 321
7046 7283 321
5951 8995 321
878 9564 322
1449 7072 322
2597 5327 322
677 3885 322
7335 8874 322
4428 6844 322
3179 5288 322
334 2568 322
3928 5741 322
6447 8946 322
5868 9458 322
3190 6754 322
8944 9448 322
5794 7602 323
9056 9232 323
6082 8053 323
6251 8026 323
3147 7320 323
3083 7428 323
880 9516 323
1743 6092 323
2596 3302 323
1294 3730 323
182 9157 323
8750 9396 323
1762 6201 324
6156 8575 324
599 1782 324
1456 6542 324
7444 8732 324
2622 4231 324
5893 9886 324
4078 5609 324
7704 8166 324
1449 9141 324
4944 4956 325
1715 8964 325
3320 4380 325
4395 6179 325
401 3338 325
2334 2558 325
6247 8596 325
1723 4430 325
5150 5290 325
2260 3165 325
2227 6344 325
5608 6306 325
1375 2243 325
932 5065 325
3807 7186 325
3026 7221 326
6797 8142 326
1662 3617 326
2788 7761 326
4665 8407 326
2830 4371 326
761 7572 326
4620 4868 326
383 3560 326
1623 2268 326
5955 7864 326
8042 9606 326
125 7528 326
151 5559 326
802 2627 326
941 6007 326
468 7054 327
2796 5497 327
4452 7819 327
4548 7951 327
583 6525 327
1616 4470 327
5967 8744 327
6303 8965 327
6973 9777 327
863 5686 327
911 9887 327
1107 4259 327
5857 9729 327
1723 5387 328
4332 7679 328
389 4261 328
3312 8347 328
5386 9777 328
1324 8405 328
1609 6539 328
3595 5701 328
7895 9924 328
4861 5066 328
770 1074 329
3701 4108 329
2947 8848 329
1819 5091 329
2491 6160 329
1523 3579 329
8064 8901 329
1973 8920 330
2438 4540 330
5495 6580 330
2444 2693 330
2902 4517 330
4285 4629 330
368 8830 330
878 6150 330
8728 9069 330
3281 9543 330
2780 5700 331
922 1658 331
1867 5091 331
5765 7313 331
7783 8416 331
728 2380 331
7348 7483 331
3146 3887 331
239 8511 331
595 4571 331
1226 2484 332
4607 5451 332
3341 5167 332
3968 4459 332
876 9096 332
6659 9652 332
958 6885 332
5106 8104 332
722 4357 332
1277 8292 332
1414 3390 332
8518 9670 332
1289 3124 332
180 8038 332
2357 6541 332
6886 7654 332
5451 9143 332
3461 6216 332
4522 8086 332
1002 5168 333
3904 5852 333
3142 5254 333
2207 5377 333
2297 9465 333
6944 9422 333
3523 7619 333
1771 9089 333
1318 9352 333
1317 4438 333
3874 4198 333
7445 9076 333
3415 6630 334
709 7097 334
1124 7753 334
752 6032 334
385 8025 334
713 4571 334
1170 1445 334
5112 7827 334
2283 7346 334
2920 6619 334
787 6969 334
1280 5623 334
282 2747 334
4177 8945 334
1933 6287 335
2924 8613 335
5585 9558 335
1900 6470 335
5003 5589 335
5972 8108 335
2745 4424 335
2383 5824 335
7789 9141 335
6059 6870 335
2427 4616 335
867 4587 335
1657 9247 335
2478 3131 336
8565 9044 336
4926 5520 336
5326 6906 336
1436 7436 336
916 8609 336
1941 8580 336
1120 5074 336
2677 8624 336
4029 4113 336
4026 6429 336
6808 7357 336
4811 6594 336
777 2801 336
4447 9754 337
2466 4809 337
664 3731 337
801 5566 337
3276 6224 337
469 9905 337
2084 3603 337
3858 6976 337
7012 8092 337
2079 7081 337
4934 6986 337
6096 7982 337
8241 9983 337
638 2168 337
5096 8529 337
6168 9968 337
634 3287 337
1137 6679 338
4538 5266 338
1397 4167 338
5071 6928 338
7247 7728 338
6741 8159 338
4472 5087 338
9335 9464 338
762 9544 339
3964 9480 339
1385 6932 339
2451 5759 339
2090 2200 339
3886 4057 339
1502 7499 339
6019 8301 339
7523 8286 339
6340 9289 339
7048 8777 339
5147 9088 339
3074 6503 339
1358 8635 339
6400 7015 340
3089 9614 340
579 5545 340
14 737 340
3980 7787 340
925 1827 340
841 6736 341
3364 7547 341
8043 9264 341
1891 7411 341
1886 6811 341
1121 9234 341
6208 8926 341
7521 8502 341
2192 5347 341
7137 8019 341
2455 8187 341
6147 7935 341
6367 8472 342
1150 7210 342
7138 9709 342
1458 7259 342
2254 2474 342
570 2165 342
5472 7618 343
3935 5378 343
3019 5665 343
3480 4882 343
2240 5844 343
157 3151 343
3315 5540 343
2375 5536 343
677 4063 343
3852 9601 344
1548 3752 344
2504 9375 344
7805 8358 344
227 9542 344
4945 6482 344
1339 6456 344
3405 5022 344
3686 9177 344
530 4433 344
2954 4505 345
6860 8155 345
2912 3917 345
404 9236 345
2093 2302 345
5183 7198 345
762 7084 345
3709 3873 345
898 5114 345
1967 5355 345
49 4950 346
3164 8565 346
337 1874 346
222 6453 346
862 7207 346
569 5093 346
1055 7454 346
3097 4371 347
2850 9509 347
4295 5179 347
1875 4981 347
2080 4765 347
7740 8583 347
2609 9566 348
1918 6205 348
8023 8328 348
3409 5138 348
2069 8949 348
6645 6649 348
1912 7283 348
360 6384 348
823 4819 349
7878 9364 349
743 5999 349
3635 4017 349
3083 8016 349
1128 7302 349
4054 4300 349
1467 9762 349
3124 8422 350
163 6621 350
4104 4747 350
1357 6698 350
2109 9806 350
4543 5706 350
105 2394 350
2473 5111 350
3599 6497 350
386 9907 351
5274 5875 351
2801 5083 351
5438 7711 351
241 4672 351
5543 8616 351
1807 8399 351
3232 8500 351
5085 6351 351
3399 7484 351
4702 6716 351
6432 8515 351
3992 7341 351
2769 6136 351
4146 7198 352
58 9079 352
2910 3615 352
3495 7060 352
4546 9957 352
9331 9358 352
23 2983 353
3236 9861 353
4351 4490 353
2411 2467 353
1639 5214 353
2575 5847 353
3277 4137 353
156 9043 353
631 5840 354
3463 7142 354
6421 7112 354
4106 5020 354
2187 9121 354
5246 6512 354
2485 3795 354
2000 2448 354
6943 7941 354
3722 8291 354
2726 8903 354
6920 7844 354
3014 3775 354
2288 4512 355
5744 8456 355
209 6590 355
1994 9755 355
2528 8035 355
5070 8186 355
1867 6776 355
6394 8529 355
890 2989 355
3336 9155 356
1614 2119 356
4610 8840 356
1507 7950 356
6948 9354 356
3014 3313 357
3824 5093 357
3724 6971 357
2502 9272 357
251 1147 357
310 3328 357
2578 5481 357
4598 7061 357
824 3512 357
937 1272 357
591 8216 357
3904 9181 358
18 3699 358
1617 3455 358
1914 8290 358
5728 6603 358
617 1141 358
1225 1359 358
1744 7838 358
5542 9277 359
2097 4191 359
61 4949 359
4673 7679 359
2214 8177 359
5908 7383 359
5655 6753 359
1733 8199 359
504 7683 359
317 9230 359
3540 3713 360
183 4444 360
2812 5952 360
1897 5656 360
576 4488 360
6751 9262 360
5349 8557 360
124 6187 360
472 7603 361
5665 6557 361
2606 7546 361
4353 7930 361
1243 1731 361
7664 8616 361
2221 3959 361
1374 3435 361
3690 6341 361
1098 1687 361
2345 3233 362
2872 6636 362
3287 7878 362
3291 9603 362
294 4713 362
122 8745 362
1449 6590 362
1116 7451 362
4025 7271 362
3544 9761 362
968 6161 363
1305 1846 363
1666 5142 363
996 6579 363
2410 4887 363
2350 4985 363
4327 9228 363
3720 5289 363
1718 2997 363
3068 9942 364
1568 6184 364
2398 7677 364
7354 8312 364
280 7328 364
1906 2981 364
3234 4725 364
2518 8179 364
1977 8235 364
2446 6293 365
771 9911 365
856 2252 365
503 554 365
3484 9166 365
7464 9807 365
2350 3809 366
308 5671 366
820 6978 366
7124 7319 366
1150 1529 366
815 4998 367
2187 8762 367
5720 9436 367
4566 5469 367
2650 3189 367
4079 8112 367
5435 5617 367
825 4088 367
2603 9063 368
509 8754 368
3835 7323 368
8305 8499 368
1079 8689 368
4598 6697 368
1134 9447 368
6621 7453 368
1367 7824 368
3754 5060 368
3735 7387 368
6495 6624 368
1326 4472 369
1890 5640 369
2249 3813 369
2271 8714 370
917 4740 370
723 1740 370
554 886 370
2458 5931 370
448 3392 370
1332 1794 370
2034 3765 370
889 6159 370
2593 4906 370
4719 6744 370
1892 5290 370
119 765 371
4412 9080 371
3333 7812 371
2904 6393 371
6664 6967 371
3934 7108 371
7671 7958 371
2684 4054 371
4301 7843 371
3950 5950 371
1027 2841 371
3196 4708 372
5280 9408 372
2931 8953 372
988 1408 372
6436 9975 372
1281 8756 372
2433 5222 372
5025 5896 373
854 1680 373
3017 6641 373
1437 8171 373
2267 6219 373
4635 8633 373
3204 3510 373
4373 4608 373
3095 8279 373
817 4782 373
2675 5570 373
2038 9964 373
1506 2625 374
6546 6967 374
1028 7705 374
3539 5250 374
3978 5374 374
4045 6772 374
6976 7207 374
5578 6519 374
1999 7125 374
4890 6251 374
955 8733 374
4095 5471 375
7360 8224 375
8013 9894 375
2423 8097 375
9222 9845 375
7358 7512 375
162 6867 376
4769 8314 376
265 7133 376
6740 8696 376
5307 6677 376
1171 9590 376
2379 4843 376
5336 9164 376
6581 7360 376
3616 4986 376
963 4610 376
6401 7965 377
3073 6788 377
213 984 377
7282 7779 377
3990 7404 377
624 9203 377
1373 3625 377
8472 9475 377
212 5277 377
1892 2423 377
1307 9292 377
1419 3499 377
8671 9882 377
1273 4774 377
1535 4077 377
3472 9390 378
1626 9306 378
6723 8411 378
3328 6641 378
1163 5870 378
3426 9321 378
3381 9685 378
1669 4977 378
5119 6366 378
1231 2319 378
7885 8641 378
4762 6770 378
4197 6487 379
3158 9582 379
3380 7881 379
1451 7210 379
3155 6179 379
1559 3823 379
1391 5932 380
5923 9190 380
522 3683 380
4510 8685 380
1572 6721 380
1370 8845 380
5513 6896 380
6329 8767 380
985 4584 380
9078 9671 380
9000 9444 380
6209 6847 381
853 8215 381
2001 8877 381
3678 4675 381
5906 7702 381
2121 6099 381
5757 5930 381
3061 5134 382
4965 5885 382
5829 7146 382
8798 9473 382
7124 9808 382
3399 5344 382
3155 6059 382
3118 7517 383
117 8357 383
8372 9557 383
5767 6575 383
128 6050 384
1352 4265 384
1211 5058 384
4512 6987 384
1104 9348 384
2404 6789 384
5380 9721 384
4190 8781 385
1291 2037 385
4166 8770 385
2638 3015 385
1959 7648 385
558 8563 385
1953 8169 385
3346 4956 386
684 3829 386
3330 9619 386
3895 8904 386
6318 7854 386
3487 7210 386
8539 9114 386
3037 6577 388
379 4891 388
2640 7276 388
549 3078 388
408 1011 388
2487 4138 388
162 2348 388
1063 3711 388
1189 5602 388
825 3574 388
3400 4775 388
1161 2739 388
4042 8324 389
2745 8011 389
3803 8590 389
7152 9424 389
1478 5916 389
2739 5169 389
1106 5783 389
908 4182 389
1823 2675 389
4402 5126 390
9082 9764 390
1860 4957 390
2708 3880 390
2861 8306 390
3904 5493 390
3505 8599 390
188 6154 390
3609 3965 391
5138 6519 391
4650 4881 391
4350 9866 392
4744 9299 392
2227 5644 392
6419 7875 392
480 1520 392
4281 9180 392
6498 6856 392
3093 5588 392
4177 8734 392
4824 8335 393
2163 7179 393
3415 6221 393
5212 6344 393
5383 6427 393
1499 3162 393
2566 7033 393
5333 6796 393
5204 9298 393
792 7717 393
952 4429 393
6227 6984 394
3190 3842 394
3391 6593 394
940 9055 394
4383 7911 394
6881 7126 394
1065 2680 395
1220 6564 395
4868 5158 395
591 6266 395
263 7696 395
1206 2184 395
2644 5716 395
510 8388 395
3163 8608 395
904 2649 395
11 1717 396
458 2771 396
5752 6376 396
5629 8503 396
4808 8220 396
5661 7273 396
2931 6707 397
1463 9629 397
2989 5815 397
1123 9092 397
6794 8960 397
1203 3863 397
5768 7635 398
2250 9820 398
7064 8079 398
2694 3260 398
467 2341 398
1734 4603 398
3012 7127 398
4737 9992 398
3422 8256 398
958 7381 398
2301 6125 398
5398 9450 398
1686 5861 398
7134 8498 398
676 4261 398
684 5513 398
76 3514 399
6036 7897 399
2626 7014 399
5559 6748 399
5034 6923 399
4754 6631 399
652 9969 399
197 9744 399
5840 9244 400
3653 7361 400
3965 5976 400
5578 8611 401
716 9186 401
2881 5531 401
7572 8523 401
4280 9080 401
1031 2816 401
1799 6960 402
610 4049 402
1235 8439 402
6265 8014 402
1732 4864 403
7293 7415 403
4279 8994 403
5837 8400 403
1344 9315 403
5325 5708 403
4679 9795 403
619 3729 403
3321 9003 403
1568 3022 403
2586 4432 404
4927 7989 404
3536 4619 404
2659 3651 404
4277 7298 405
547 5844 405
3 2641 405
4863 9290 405
368 7220 405
5899 9004 406
3148 4362 406
1851 4836 406
4363 8254 406
7600 9789 406
3541 7561 406
5381 8507 406
3570 4909 406
5779 7142 407
1089 9449 407
1696 3781 407
6226 6780 407
2379 4193 407
8401 9594 407
2034 2736 407
6112 9995 407
85 5541 408
8684 9341 408
1605 1684 408
1194 7342 408
282 1725 408
1057 4467 408
3806 4858 408
2868 4622 408
4295 8257 408
4336 6312 409
1826 9641 409
4299 9036 409
6107 9875 409
5672 8313 409
4536 8425 409
1719 7185 410
3143 7905 410
6563 7798 410
3297 7717 410
7036 7652 411
6269 8483 411
8634 9856 411
2110 8351 411
5268 5871 411
7920 9818 411
6975 9754 412
5161 7592 412
2997 5393 412
825 4308 412
7112 9849 412
3765 5949 413
4535 6543 413
6474 7080 413
6584 9583 413
5521 7245 414
340 3907 414
4491 7135 414
1831 5906 414
1571 4025 414
2165 5707 415
7875 9534 415
2606 6915 415
4211 4593 415
1350 9588 415
7325 7853 415
2957 9334 416
4956 6518 416
150 8224 416
578 3350 416
6637 7296 416
4180 6600 416
2994 5190 416
6808 9371 417
4330 8170 417
1519 6365 417
6099 9727 417
6097 8536 417
725 3942 417
11 6699 417
6508 9109 417
2289 3424 417
2106 6283 417
2851 2858 417
3176 6228 417
533 7113 418
3868 6187 418
146 1340 418
8487 8749 418
297 8686 419
6774 7305 419
5161 5209 419
3354 4770 419
2599 7872 420
3956 7590 420
1007 9499 420
1697 6663 420
156 5014 420
4998 5276 420
1965 4065 420
1890 7691 421
3458 8492 421
159 4192 421
1036 2661 421
6230 7260 421
5495 9345 421
2543 8164 422
1235 9204 422
3754 4868 422
2465 8148 422
1030 2402 422
61 5424 423
4072 4841 423
2812 5866 423
5440 6870 423
1285 9504 423
114 1840 423
6854 9386 423
2129 6528 423
5057 9287 423
3671 4452 424
779 3673 424
6116 8418 424
1377 7818 424
868 5064 425
300 7531 426
1870 8152 426
4350 7134 426
4343 9558 426
3781 8235 426
909 9099 426
3013 7027 426
4573 8733 426
5405 8781 426
6396 6735 426
829 1744 426
1689 9921 426
1396 5731 426
1796 9166 427
280 1425 427
582 2533 428
44 3565 428
4809 5326 428
891 1974 428
1952 6379 428
267 3611 428
2412 6651 428
6899 8265 428
169 1582 428
5947 8654 429
420 4884 429
8180 8329 429
3889 6210 429
4617 7596 429
3338 5013 429
1850 6418 429
1574 1970 429
914 5247 430
5166 9067 430
3169 9254 430
3971 8698 430
4209 9490 430
741 8037 430
1258 5262 430
3421 7356 431
6465 9182 431
4628 7537 431
1056 5002 432
1019 6866 432
1468 4961 432
389 6900 432
6031 6362 432
97 8841 432
1010 2286 433
1854 6680 433
4771 6758 433
3695 9652 433
8938 9568 433
3098 9765 433
785 5924 433
5473 6192 433
1025 7208 433
507 5434 433
3525 5997 433
2563 2908 433
6845 7966 434
6862 6984 434
1640 2668 435
205 6727 435
1485 3162 435
1274 8970 435
3495 4661 435
3491 9606 435
4595 7023 435
1511 1909 436
2041 8640 436
5412 9584 436
3986 8610 436
9756 9770 436
98 5131 436
2747 6286 437
582 4160 437
2275 4139 437
413 9083 437
3145 7344 437
9986 9993 438
3869 7651 438
6106 9368 438
6134 8078 438
1510 9517 438
1781 9162 438
2310 7867 438
8629 9565 438
6485 6614 439
6275 7541 439
2440 9197 439
5781 9032 439
6427 7953 440
2352 2745 440
2830 9381 440
2673 4064 440
6278 7902 440
795 8509 440
744 4089 440
2960 3085 440
814 6080 440
9180 9603 440
2370 6452 440
5796 8959 441
5574 5786 441
3654 3905 441
3898 6140 441
4985 9268 441
7951 8874 441
7459 8557 442
295 7287 442
7015 9372 442
7981 8426 442
998 8379 442
2206 5162 443
3187 3567 443
6826 8567 443
7647 9753 443
1464 7576 443
3790 9241 444
489 6731 444
1825 3720 444
2538 3335 445
3787 8450 445
6388 6976 445
4357 5621 445
1389 8381 445
470 6777 445
1557 5348 445
1263 9602 445
5790 7136 445
5593 6682 445
3428 8718 445
535 8435 446
5460 8052 446
2985 9782 446
2515 8394 447
3774 6920 447
3270 7571 447
1796 8905 447
5015 8101 447
6400 8836 447
1406 2337 447
293 6765 448
5105 8248 448
833 9517 448
5732 7838 448
5432 8677 448
3170 3238 449
7400 9715 449
139 8652 449
1084 5989 450
602 2134 450
4402 6251 450
5880 6267 451
4130 9319 451
2820 8338 451
3229 7333 451
1441 9248 451
2173 7186 452
5599 7894 452
1668 4555 452
2419 8987 453
14 644 453
6637 9799 453
5178 8128 453
1557 5009 453
1549 5982 454
4654 6980 454
5357 8295 454
5298 5398 454
9387 9691 454
3296 6248 455
4307 4880 455
1234 4485 455
6015 8178 455
957 8498 455
2389 5413 455
1392 4617 455
5036 6220 456
3410 9234 456
7676 8357 456
4004 9163 457
2846 4062 457
1665 4913 457
1160 5234 457
2046 8454 458
4401 5227 458
4241 7098 458
3806 6112 458
5221 5823 458
7768 8417 458
1931 5110 458
2814 9365 459
752 6810 459
7666 7779 459
5888 9881 460
565 9775 460
6413 9964 460
2560 6742 461
7330 7746 461
990 2917 461
3187 7871 461
1876 5879 461
3449 8339 461
3950 7240 462
7056 8623 462
7200 8212 462
3840 8612 462
2824 6006 462
6334 9895 463
3821 7604 463
1768 4332 463
2854 8036 463
2780 8552 463
6484 7006 463
4001 4240 463
4437 7808 464
7284 8034 464
2101 3111 464
6824 7196 465
1805 8013 465
6425 7101 466
3717 4532 466
3342 9628 466
2191 7805 466
2099 5608 466
314 1637 466
1067 2662 466
4271 4567 466
3945 9161 466
117 6451 467
1172 3263 467
8946 9632 468
3775 4509 468
4264 7300 468
5810 7728 468
3484 4260 468
3099 5005 469
3963 6072 469
5273 8612 469
692 4051 470
625 5049 470
1364 2278 470
2501 6874 470
5550 8798 470
2305 7321 470
5070 9021 471
477 4202 472
4558 5305 472
6830 7479 473
2540 3788 473
226 4924 473
322 6553 473
2689 5864 473
6849 7053 473
3148 5431 473
3953 6037 474
4461 4466 474
1009 8764 474
6535 6673 475
2205 3939 475
2113 3897 475
2285 5529 476
2089 2140 476
1467 5495 476
2149 7956 476
9153 9827 477
1983 4217 477
5892 8947 477
986 5578 478
820 6340 478
526 5128 478
7263 7954 479
711 3596 479
5582 6729 479
4734 8393 479
3420 9057 479
250 1428 479
2858 6617 480
7577 8071 480
4791 7615 480
8222 9620 481
8076 9404 481
2294 8244 481
2681 6424 481
7565 8361 481
7405 8769 482
1015 7877 482
5573 6183 482
3779 6722 483
1959 6601 483
3244 4683 484
1795 9356 484
2299 9672 484
3908 5648 484
8503 8990 484
4980 9169 484
6145 8177 485
6132 6921 485
5365 8157 486
5065 6510 486
704 9515 486
1314 6164 486
4541 4576 487
240 1658 487
81 1319 488
711 6819 489
3981 4817 489
985 9151 489
3348 4061 489
4484 8690 490
882 2405 490
4789 7831 490
4452 7769 490
675 1811 490
2704 5930 490
1496 5143 490
911 2245 491
2592 9378 491
3042 3215 492
104 329 492
364 3417 492
4254 8607 493
4328 6687 493
1442 8009 493
5809 9596 493
1966 3106 493
1869 9402 493
4469 6386 493
3180 9614 494
2228 2604 494
1287 4765 494
5591 9075 494
8556 8581 494
226 2758 495
2496 8974 495
2588 5707 495
1372 1945 495
2122 3371 496
1494 5235 496
5979 9879 497
7255 9723 497
3319 8540 497
1207 7281 497
4846 6764 497
3208 4743 498
331 2672 498
1875 6418 498
2505 6872 498
47 8766 498
2772 2816 499
2828 3552 499
1753 6162 499
781 8532 499
5299 8613 500
7521 8934 500
2776 8832 500
911 982 500
361 758 500
1387 2468 501
6440 9023 501
5071 9683 501
3733 9551 501
1611 6737 501
1168 6392 502
9323 9949 502
6814 8309 502
3466 7109 503
354 4465 503
4300 7804 505
1436 2909 505
3580 8910 505
763 7040 505
6961 7609 505
3875 8036 506
3811 3838 506
894 2614 506
274 1368 508
846 3692 508
4313 7764 509
3478 6549 509
3213 3474 510
271 5568 510
6319 9491 510
5909 7174 510
6461 7208 511
84 3508 512
9459 9828 513
2361 7682 513
1538 5725 513
3552 5977 514
142 7359 514
7905 8525 514
5595 9711 514
2778 5770 515
3317 8620 515
4456 5721 515
3675 6012 515
5320 6876 515
6004 8285 516
8286 9165 517
4317 9990 517
2798 5019 517
2274 7270 518
1066 8474 518
4105 4648 518
2772 6069 519
642 668 519
1347 8087 520
7414 8133 520
243 2294 521
1256 3634 521
4333 7374 522
4162 7214 522
2395 4068 523
1118 8751 523
123 1488 524
848 6022 524
1412 2478 525
2022 2404 525
2031 6844 526
1184 4174 528
7461 7563 528
1248 5043 528
765 6592 529
5124 8386 529
4603 9668 529
4741 7843 530
177 8604 530
4453 6913 530
5776 7068 530
4972 9217 530
1714 3643 531
84 2303 532
7655 8855 532
3620 9238 533
2809 5067 533
4186 5833 533
1779 4831 533
65 813 534
468 8918 534
5986 9632 535
2153 6249 535
199 6996 536
845 5060 536
3897 4756 536
2571 9031 536
4572 8015 537
28 8150 537
4133 7166 537
2969 4966 537
2202 4120 538
904 5646 538
8570 8689 538
4322 5302 538
956 6894 539
6119 8807 539
126 4647 539
9128 9607 540
208 4924 540
3202 3815 540
8511 9430 541
1091 7585 541
1286 6719 541
6372 6620 541
1311 1975 542
2484 7340 543
3952 4770 543
2437 2643 543
7283 9427 543
5988 9742 543
3901 7514 544
1071 4432 544
2763 8075 544
5024 8888 544
2071 7121 544
8681 9225 546
1632 2141 547
2557 2605 547
7548 8868 548
1401 9178 548
6108 7498 548
1273 2625 548
47 6815 548
3721 9700 548
2538 9595 548
4724 5146 549
4801 4941 549
7327 7654 549
4107 7181 549
3329 7987 550
1588 6839 550
3942 8047 550
6568 8559 551
2376 5894 551
2346 6520 551
399 6529 551
660 6081 552
1424 2138 552
1238 4621 552
1678 4737 552
4913 5279 552
1835 2682 553
1415 3762 553
240 5799 553
356 9961 553
731 2409 553
6474 7516 554
2403 5295 554
8092 9074 555
5981 8340 555
3024 4000 555
8676 9801 555
7299 9405 555
1368 9553 555
5028 9208 556
3153 5968 556
4362 8701 557
4552 6195 557
7743 8132 557
361 3649 558
2075 2108 558
2167 2972 559
3525 8827 560
5455 9161 560
1454 3085 560
4739 6273 561
2591 3737 561
429 7267 561
1669 9872 561
2853 7817 562
564 6165 562
4372 7493 562
1026 1298 562
278 9292 563
4677 7064 563
3993 7961 563
6105 7587 564
392 2330 564
1114 7799 565
6891 9947 565
1710 9060 566
3593 4878 567
795 4080 567
2512 3396 568
700 1449 569
1024 2062 569
1384 6778 570
4486 5835 571
3989 4863 572
2566 8130 572
7275 8784 572
2431 6606 573
3265 6489 573
5356 6877 574
4145 9785 574
8529 9486 575
3634 3799 576
5098 9103 576
855 8682 577
1845 1932 577
1105 8459 577
898 8023 579
3316 7575 579
4620 7620 579
1460 8553 580
1125 9617 580
1010 8350 581
7920 8476 582
3440 8308 583
1700 8240 584
1704 3927 585
2727 5795 585
6851 7490 587
2785 9690 588
363 5085 588
1558 9917 589
4451 7297 589
3398 5407 590
4244 5490 590
9650 9684 590
808 5606 591
8505 9661 591
3259 8540 591
873 9585 591
3241 5450 592
5679 6051 592
1271 6215 592
706 7936 594
2769 4116 595
945 8513 595
5948 7628 595
1810 5485 596
1419 3511 596
5184 5718 596
912 7968 597
4698 9111 597
5283 5839 597
479 1936 598
6555 7035 599
1287 2399 600
164 2864 601
3379 5656 601
285 649 601
7805 7910 602
67 1637 602
755 4889 602
1038 9884 603
3579 3994 603
2211 4869 603
6577 7752 603
6005 6494 604
7716 7882 604
7827 9167 604
1581 5963 605
474 3855 605
3301 6424 605
1954 8428 605
5582 6001 605
2973 6805 606
1224 1328 606
6762 9774 607
1558 2632 607
1836 4055 608
1303 8340 609
567 3160 609
5750 7507 609
4674 5215 609
232 666 611
1865 5101 612
3557 8998 613
3243 7683 613
5917 8758 613
6408 8477 614
5333 6964 614
2243 2956 614
4040 5645 614
2865 3685 615
5449 8884 617
2808 4155 617
2710 6437 617
4745 6662 618
816 7888 622
6556 9453 622
893 8594 622
2234 7689 623
5819 9183 624
1294 8924 625
6169 6337 625
237 1552 625
3050 5310 627
3783 7482 627
4723 7985 627
2946 8073 627
1245 7203 627
2934 8958 628
70 7967 629
2056 7232 630
3440 9938 630
824 9501 631
3805 9791 632
1555 1687 632
2141 7637 636
2647 9567 636
836 2078 637
780 3842 637
3059 4651 639
4364 5822 639
1927 6263 640
582 7988 640
816 7526 641
281 401 641
333 4278 642
3860 5859 642
2776 3529 643
2343 3700 643
437 7088 646
2765 7358 646
8968 9833 647
675 1439 648
4712 8581 649
4800 5411 650
2328 9052 652
908 2993 652
4913 5943 652
5676 5764 653
5835 5971 654
6411 9838 655
5561 9492 655
7661 7684 656
3060 5872 660
2371 7795 660
7246 9486 660
2845 4575 660
7143 9273 663
1448 7483 664
1382 7164 665
347 1309 666
264 4766 666
475 8659 667
111 9699 667
25 7403 668
3376 7256 669
3222 8326 669
1603 4544 670
3710 8990 670
518 591 671
3038 3483 671
7243 7282 672
3072 7084 672
436 1924 672
3604 3828 673
2821 3370 673
1643 3569 675
4464 7739 675
612 4537 676
5372 8509 676
3340 8337 677
4386 9678 677
4485 9633 677
2879 3951 679
67 9346 679
5107 8900 680
5367 5994 681
3371 4092 681
3338 7540 682
4025 9812 682
620 721 683
1731 2791 686
5434 8199 687
537 1366 687
698 7375 688
1006 1525 692
2372 4797 698
4236 8558 698
4036 9829 699
5241 8614 700
5176 6564 701
259 2901 704
1912 9005 704
860 3220 705
3926 8655 706
5513 8980 707
4843 6728 709
46 5412 709
2741 3908 711
5957 9656 712
4307 8747 713
3697 8560 713
9692 9882 713
801 1786 714
5540 9503 715
7477 8217 716
1830 5380 718
2393 8621 718
4257 9679 720
621 7079 720
7523 9746 721
3999 7242 721
312 6159 723
4976 8595 724
1893 5419 725
4283 8755 728
4491 5618 729
6571 9703 729
392 7850 729
1859 8114 729
2537 7744 729
8360 8450 730
7834 9391 735
4160 8095 735
185 5047 738
1315 6172 739
3109 7093 739
3592 6079 740
7117 8349 742
2657 9989 745
2833 5042 748
6434 9712 749
4021 6253 752
1046 9245 753
6437 8162 754
1951 3172 755
1250 4945 760
6065 7111 771
3348 9841 774
185 2339 774
1114 7446 775
2552 5641 779
2899 3057 780
2940 5211 781
5316 6477 786
6656 9675 787
676 6250 791
2501 9211 792
3360 3796 794
1985 2063 795
588 3207 796
1144 8925 798
3542 7413 798
2126 8836 799
4434 7199 801
4805 6865 801
7254 7636 803
7044 9651 803
4060 4515 805
3024 6598 806
9 4183 807
7724 9496 808
3424 9042 808
4345 8410 814
972 6550 815
1298 4410 815
5758 6272 827
153 2217 830
2266 9213 832
758 1737 834
6569 7095 835
69 7995 839
2655 5329 845
3152 8041 849
1068 3974 865
1201 6533 869
3940 9824 870
2181 3575 872
2321 5654 874
1727 6491 878
2531 7739 878
2728 6823 880
21 6003 884
4300 9747 885
8500 9554 889
3703 5850 891
8856 9357 920
68 8595 927
2196 3821 931
6605 7117 938
4148 7835 942
1748 9462 956
6094 8949 975
3884 7224 977
4448 5930 977
2967 5583 988
5474 7966 992
1596 9889 1000
Total MST weight: 1986988
Execution time: 2.61965 ms

Algorithm: Prim's MST
MST edges:
0 7669 96
7669 7966 201
7966 8319 53
7966 1553 109
1553 9193 48
9193 8647 34
8647 2939 62
2939 9451 14
9451 2251 52
9451 606 72
606 1119 10
606 1594 24
1594 20 23
606 6393 61
2251 4577 72
4577 8636 97
8636 1546 38
8636 4105 96
1119 5670 114
2251 2449 124
2251 6629 135
1119 1611 143
1611 8885 105
8885 5156 5
5156 8309 13
7966 5684 143
6393 354 146
354 7221 27
7221 4503 73
354 1924 79
4503 6237 86
6237 9696 20
9696 7672 13
6237 3940 50
7672 6834 79
1924 276 108
276 9638 64
9638 1543 18
1543 2058 86
2058 1597 90
1597 5963 43
5963 1764 9
7221 5634 110
5634 3304 17
1543 3610 126
5634 6572 141
6834 9407 141
9407 3991 71
1924 3149 144
3149 6060 23
6060 7119 131
7119 2968 7
7119 2723 37
9696 2630 159
2630 9314 80
9314 1160 34
5634 3303 161
3303 2705 125
2705 1352 61
1352 9722 41
2705 4045 125
1352 8430 143
4045 8074 150
8074 9046 19
9722 5973 152
5973 510 62
510 9860 56
9860 8744 50
8744 2889 51
2889 490 5
490 6242 3
6242 3322 6
490 8822 30
510 3106 70
3106 8640 52
8640 1963 6
8640 5054 11
5054 660 11
5054 7152 28
7152 9843 25
5054 3024 40
3024 9195 33
8640 5262 48
9860 6261 103
6261 892 82
6261 4662 106
8744 95 109
892 3814 115
3814 5304 21
4662 669 120
669 4029 29
4029 8352 12
8352 572 14
5054 3312 127
3312 6369 5
6369 2944 3
6369 2312 50
2312 8049 29
8049 212 30
8049 9265 43
8049 1054 56
9265 5322 81
6369 9714 102
8049 4963 114
4963 8417 52
8417 8858 22
8417 4001 97
4001 7501 37
9265 3144 117
3144 8589 134
5322 3212 137
3212 2727 6
3212 8569 18
8569 834 8
3212 1175 55
1175 4597 45
4597 5525 34
834 5960 59
5960 219 44
219 5235 21
219 3739 33
1175 9588 84
9588 768 59
5525 1907 92
5960 4458 99
2727 9121 106
9588 767 123
7152 7044 144
4963 475 146
475 3493 80
9121 8778 147
8640 8973 148
8973 9086 4
8973 4771 100
4771 132 73
132 6913 63
6913 8395 48
8395 29 58
29 6545 10
6545 4582 24
4582 4442 28
29 7129 29
7129 1567 42
29 234 88
1963 2753 150
1963 5498 150
95 8541 150
8541 635 134
635 5393 6
5393 4178 2
635 7423 49
7423 322 6
322 9324 9
7423 4152 29
4178 8252 49
635 603 60
603 9276 97
9276 6515 14
9276 7971 48
6515 2760 85
2760 3615 13
2760 3274 20
2760 3791 64
3791 7665 52
2760 3846 77
3615 7582 88
7582 8839 9
7582 543 45
543 3490 44
543 6367 59
6367 131 62
131 7281 44
131 3715 49
8839 2937 86
3791 5334 96
7971 7529 107
7529 2583 6
7529 4416 28
7529 2848 42
2848 7474 58
2760 5819 118
603 4392 129
2937 6068 131
6068 7706 42
2583 6107 131
9276 8381 133
7423 1889 140
1889 4703 46
4703 5604 75
1889 8113 92
8113 1422 12
8113 7102 53
7102 9441 99
9441 803 9
803 7393 50
7393 9061 74
7393 6073 98
6073 1042 22
9441 1749 102
1749 3892 104
3892 2189 16
5604 27 105
27 4482 32
1749 5961 106
5961 6773 8
6773 94 8
6773 272 48
9441 159 116
7393 1679 139
1679 4309 141
4309 5507 4
4309 5801 81
5801 6478 76
4309 7355 95
7355 826 27
826 8726 47
826 9443 71
826 2292 81
5801 1403 129
1403 7844 64
1403 1457 134
27 9963 141
7102 3117 143
3117 5226 65
7529 3016 149
1679 3392 150
94 6239 150
6239 3922 55
4582 2759 152
8569 3978 153
3978 4990 29
4990 6499 89
6499 3324 29
3324 687 21
3324 4970 104
3324 1450 108
1450 2817 25
1450 4069 36
1450 5782 53
4069 9519 130
9519 4971 17
9519 923 28
923 3382 21
9519 2368 60
9519 4840 63
4840 4926 101
5782 3983 132
3983 844 11
844 5839 15
844 1212 129
3978 6440 132
4482 7417 153
7417 3138 57
3138 211 20
7417 4828 87
4828 7700 25
4828 7401 33
7401 1395 18
7401 3762 84
4828 2068 95
1395 4547 112
3762 6003 119
6003 6028 122
7417 3302 123
3302 5285 8
5285 7936 3
5285 6749 123
7936 1937 125
7417 1650 127
3762 5107 146
5107 5123 151
5123 5259 81
5259 4386 47
5259 1562 104
5498 7760 153
9443 8349 155
8349 3402 122
3402 4248 107
9843 667 156
667 921 21
1749 1877 158
1877 5617 71
1877 7172 100
7172 639 63
7172 5709 134
1877 6950 146
6950 1221 9
7172 2179 151
2179 3320 89
3320 8020 123
8020 6973 38
6973 2666 139
510 8368 159
8368 7438 91
8368 8556 148
7438 9821 152
9843 4529 160
4529 5884 5
4529 3761 68
4529 3404 123
4045 6846 160
6846 1079 80
1079 3211 105
6846 4408 123
4408 6406 84
4408 4736 111
6846 5508 140
5508 3546 98
1079 9072 151
9072 4157 85
4157 9168 4
4157 4409 40
4409 6167 12
6167 7622 93
4157 4067 97
9072 4991 132
4409 3401 139
3401 6178 132
4409 8832 157
4771 8571 160
8571 4818 144
4818 7992 129
7992 5116 99
5116 6058 32
6058 333 5
333 1171 11
6058 538 24
5116 9226 32
333 7232 37
7232 6827 2
333 8122 42
8122 1238 4
333 7848 54
9226 7781 64
6058 701 67
1238 2900 74
8122 9966 76
6827 1524 81
1524 8724 62
8724 9130 60
1524 3924 69
1171 4757 92
7781 4749 95
5116 5191 96
7232 2034 100
7848 2671 104
2671 5559 85
5559 8622 37
8622 9587 12
9587 9394 25
9394 6734 30
2671 1414 97
1414 7174 71
333 5121 108
9394 2810 113
7781 8627 114
7848 1915 117
1915 8522 105
8522 3782 14
9587 241 123
241 8435 92
7174 2249 125
333 2700 129
9394 7597 137
7597 3044 20
7597 366 61
3044 2634 84
7597 9122 120
7597 6352 133
6352 8608 106
8608 3652 11
8608 4404 59
3652 2719 81
3652 9779 104
241 9174 141
6827 2011 146
2011 3535 69
3535 8206 126
4757 6608 149
2634 5702 150
5702 8793 35
9394 7986 150
5191 371 151
371 5743 94
5743 6820 150
6820 9382 56
9382 9308 55
2634 9543 153
9543 8118 63
8118 2180 60
2180 2883 78
2883 7274 70
9543 696 144
696 5348 153
1915 4230 154
6827 6314 157
6314 9815 12
9815 1012 21
1012 491 58
5702 5315 158
5315 2081 16
2081 3478 119
3478 1180 25
3478 6583 37
3478 1385 58
1385 7239 44
7239 4037 81
4037 3132 42
6583 8898 106
3478 25 149
25 4702 22
4702 7424 81
7424 8458 5
7424 6117 35
4702 8520 86
8520 9559 129
3132 7427 149
7427 3448 79
7427 5338 81
5338 478 18
5338 1587 86
6117 4463 151
8898 7636 151
7636 8920 63
8520 8028 155
8028 6543 123
9966 8346 158
2634 2370 159
3535 3661 159
8520 380 160
380 482 84
482 5404 143
5404 4251 105
6314 3337 160
4404 4101 161
4101 2198 68
2198 2513 111
2198 6993 126
6993 1858 140
1858 9883 11
1858 2744 37
9883 1269 42
9883 2678 86
9883 1429 94
1429 2586 64
2586 4634 72
4634 6724 29
1429 1972 75
1972 8046 86
8046 6051 72
6051 4785 35
4785 3921 73
3921 4865 47
4865 9956 87
9883 1008 107
9883 7006 152
9324 6709 161
6749 9378 161
9378 9432 113
8778 9644 161
9644 4071 27
9644 3654 85
2700 1641 162
1641 3639 50
1641 6537 88
3639 5748 119
5285 1887 162
5116 3867 162
3867 3631 83
2189 4276 162
7760 7022 162
7022 145 24
921 997 163
3892 2234 163
3024 2526 163
2526 7948 54
7948 2627 31
2627 5296 36
2627 1585 42
1585 5075 13
5075 9251 40
1585 8560 108
2627 5655 110
5655 5370 38
2627 7353 155
8020 3121 163
3121 8876 16
8522 3167 163
5617 4528 163
4528 2052 57
2052 9924 16
475 320 164
7044 1984 164
1008 8123 164
9432 1398 166
8898 2698 166
2698 6717 30
2698 7222 51
7222 8987 17
8987 8649 8
2698 7245 56
8649 2826 73
8649 5783 87
8649 8645 89
5783 9912 122
9912 5919 97
9912 1916 127
2698 9264 133
7245 9518 146
3846 5436 166
5436 5939 17
5939 8156 67
8156 6198 122
5939 2668 138
8156 387 144
387 9665 23
9665 1278 31
9665 4385 73
1278 6997 122
6997 4681 157
4681 2998 103
2998 5993 61
5993 9733 21
2998 2248 122
2248 339 8
3304 316 167
316 9796 10
4970 1999 167
1999 2951 155
2951 8138 117
1269 3945 167
3945 3930 71
3930 6771 118
6771 3537 100
6771 1094 101
1094 4203 126
6771 149 152
3537 8465 159
8465 1295 35
1295 1327 10
1327 7811 23
7811 187 33
187 5495 25
8465 7391 78
5495 6260 127
6260 7347 109
187 2628 135
187 6536 150
6536 2025 32
2025 4816 95
7391 2482 151
2482 3680 22
1212 5238 168
5238 9266 10
9266 16 34
16 4850 30
5238 9640 36
9640 2901 34
2901 8713 18
9640 812 56
4850 2098 78
2098 5841 47
5841 8593 98
8593 9832 46
9832 8 25
16 1348 99
1348 7315 73
2901 3842 114
1348 8460 131
5841 2096 132
9266 4216 144
4216 5236 81
5236 8891 28
8891 5771 24
8891 7432 28
5236 5416 42
8891 5394 70
5236 329 83
329 7519 23
8891 590 100
590 1648 67
1648 3177 23
3177 6678 27
590 7574 72
4216 5389 138
9266 7131 153
7131 9576 39
9576 9118 22
9118 8550 63
8550 9388 68
9118 6062 124
6062 3467 19
6062 1438 47
1438 5688 33
5688 6640 24
6062 3738 125
5688 9391 131
9388 4474 145
4474 12 53
12 8562 24
8562 9360 59
8562 6828 82
8562 8099 125
8099 309 99
309 7951 20
7951 5452 12
5452 3827 44
309 7000 100
7000 3386 128
7951 8813 128
8813 6010 58
5452 2762 137
8099 946 142
1438 5231 148
5231 3801 95
8550 9975 150
9975 7111 24
4474 4194 159
7000 2693 168
2693 6448 80
6448 1883 93
3274 6938 168
9883 8950 168
8950 9002 32
8950 6313 141
1295 9036 168
219 9326 168
9326 2961 125
9326 5467 156
3661 9674 168
9674 9677 143
9677 1083 138
1083 28 56
1083 6024 87
6024 7324 115
28 4517 130
28 7913 167
7913 4700 46
4700 5190 11
5190 8247 117
8247 8467 27
8247 1109 61
1109 4599 94
8247 5341 131
5190 2454 163
2454 9300 140
5296 348 169
348 4958 111
4958 2323 47
3121 4207 169
4207 5047 28
5047 8321 20
8321 2134 34
8321 470 53
470 11 9
4207 9106 59
8321 3694 97
8321 4361 101
3694 257 126
3694 4218 153
4218 1347 3
4218 7306 99
7306 4746 116
4746 2838 89
7306 5288 143
5047 6589 153
6589 7365 164
257 3677 169
3677 3261 46
3261 4249 90
3677 1060 138
1060 8135 78
4599 7697 169
316 5612 170
5612 355 17
5612 5100 108
5100 2241 73
7129 6079 170
6079 6338 83
6338 2725 80
3302 2440 171
2440 4478 154
4478 1434 91
4478 3557 121
3557 8471 16
8471 697 108
8471 9049 158
9049 5463 119
1238 5468 171
1094 1223 172
1223 8284 91
8284 774 41
8284 4344 51
4344 1921 28
4344 8604 87
8604 6156 62
6156 5062 78
8604 1143 79
1143 5562 4
1143 2429 24
2429 9603 60
9603 2459 34
9603 6134 100
1223 9243 101
1921 1542 108
2459 3723 108
6134 9173 127
1921 6429 145
6429 1530 34
6429 9209 51
9209 1843 57
1843 9436 43
9436 5220 84
1843 9782 135
9782 3576 25
3576 7312 92
3576 6817 128
9209 7564 144
7564 1427 13
1427 8030 78
7564 7356 120
1530 1033 145
1033 5746 136
6429 3502 147
3502 1275 116
6429 3271 155
3271 3645 50
3645 405 53
3271 4052 85
4052 4668 47
4052 2898 68
4052 2517 77
2517 5951 38
5951 3145 27
2517 2987 43
3645 840 94
840 7325 28
840 4680 101
4680 1745 6
7325 6868 139
2517 6232 152
1921 7026 163
5062 2859 165
774 7003 166
7003 5312 32
6973 679 173
679 9726 79
9726 5933 135
5933 1946 22
679 7914 169
7914 8852 2
8852 8546 38
8546 5721 1
5721 2514 11
5721 3798 92
3798 9939 2
9939 4041 73
9939 656 117
4041 5217 117
4041 5509 144
4041 2015 154
2015 1699 18
1699 3636 18
1699 1035 102
3636 1101 121
8898 2063 173
2063 1591 57
2063 4790 136
4790 6604 85
6604 7363 84
5604 2171 173
2171 5314 164
5314 2915 105
2915 1047 1
2915 800 87
2915 3321 99
3321 453 18
453 4783 9
3321 9676 26
4783 692 82
692 5946 73
5946 7215 5
5946 9972 79
9972 8415 62
3321 4165 91
5314 7869 114
5946 4483 125
2915 4904 134
4904 8537 126
8537 403 70
9676 2703 152
2703 6929 83
6929 6610 155
6610 4911 14
3321 8529 155
8529 6373 77
6373 9707 18
9707 170 62
170 9351 5
170 1760 8
9707 4815 106
9707 2544 117
2544 1608 4
2544 6571 93
6571 5555 94
8529 6483 123
1608 332 131
332 487 36
487 905 8
487 3514 68
487 2849 110
2849 8847 4
8847 2094 107
2094 3428 130
3428 7466 92
2094 1857 131
3514 5832 136
6483 7028 139
7028 9673 1
7028 3002 15
9673 1251 43
6571 4649 160
4649 8004 106
8004 824 84
8004 3063 121
824 2710 126
2710 4608 44
2710 5675 57
5675 7481 62
7481 365 50
7481 512 51
2710 5598 83
2710 5137 94
3063 4253 127
5137 4379 134
4379 6247 126
4253 373 138
4904 9719 163
9719 4172 121
2703 9452 165
9452 3951 62
9452 6838 78
6838 8067 26
3951 2231 101
9676 5301 166
9707 8771 168
8771 6417 25
7869 7007 169
1160 6526 173
512 6726 173
4746 8256 173
8256 6240 1
8256 4365 62
4365 4269 118
4269 4578 92
6240 5215 158
5215 567 115
567 4759 127
4269 5007 168
5007 1706 150
9226 9446 173
2454 1569 174
1569 3272 54
5191 1792 174
6393 3168 174
7003 3534 174
3534 4812 70
4812 5125 44
5125 8225 27
8225 7398 74
5125 8638 80
8225 9868 87
7398 7139 100
7139 2925 21
5125 4784 118
4812 7167 134
5125 8602 154
8602 7927 80
8602 7583 118
7583 2724 16
2724 5491 36
5491 9919 124
9919 4186 100
5491 1980 126
1980 8919 140
2724 8854 154
8854 9385 89
9385 2105 69
3534 7639 160
7639 5980 71
5980 8777 45
8777 5582 78
5582 6197 11
5582 1861 18
8602 796 167
796 3249 116
3249 1658 76
3249 8957 134
8957 6531 137
6531 5072 90
796 5897 138
5897 7429 80
7429 9398 108
9398 4293 82
4293 9959 140
9959 5586 165
8602 9481 173
2171 6378 174
6378 3170 52
3170 1540 127
1540 9784 16
9784 9902 89
1540 8693 119
1540 2498 137
9784 8103 144
4172 6899 174
6899 3725 50
4474 8136 174
8136 7784 33
7006 2855 175
9121 3513 175
7022 4765 175
4765 857 5
8649 5437 175
5437 1802 7
1802 4753 175
4753 8189 44
4753 5103 156
5103 7120 36
3448 8489 175
606 9292 175
9292 5886 90
9292 3279 129
3279 2325 41
2325 7983 60
2325 8314 68
3279 8780 153
8314 9910 154
9910 9609 53
9910 7588 154
7588 4744 73
7588 9929 141
2671 340 176
5582 609 176
609 557 7
557 3705 120
3705 9342 115
557 7229 174
8713 3676 176
3676 7354 47
7354 2273 12
8368 4089 176
4089 7751 51
7751 6462 30
4089 5610 127
4089 6040 174
512 4965 176
4965 4782 77
4782 2882 125
2882 1688 64
1688 1426 55
1426 273 115
1688 3244 161
3244 9991 114
9991 7187 17
9991 1663 68
1663 3612 86
1663 8431 87
1663 520 144
1916 6350 176
6350 2580 40
2580 9288 13
2580 4150 28
4150 8125 9
6350 1192 50
6350 8147 103
1192 3299 136
3299 4173 41
4173 9160 19
4173 2648 120
2580 4250 155
4250 1446 95
9288 900 172
2513 7332 176
7332 6705 62
2859 7553 176
3983 7756 176
7756 2841 39
6828 8510 176
8510 6723 74
6723 3347 117
6723 1475 151
1475 4669 140
8510 141 165
141 1964 14
1964 5229 134
5229 8992 66
5229 7598 122
7598 2443 42
2443 2332 72
2332 2338 73
5229 8927 135
8927 9133 39
8927 398 43
398 9176 12
398 6365 46
9176 3196 115
3196 268 49
3196 2500 50
2500 1220 15
3196 7196 94
7196 4047 111
4047 6256 55
7196 374 120
398 7573 123
7573 6114 104
6114 6992 47
6256 6707 125
374 5934 137
5934 7687 127
374 1046 141
7687 2942 144
2942 7545 132
3196 6714 144
6714 277 107
7545 721 155
7196 9433 156
6365 5733 159
5733 6624 9
6624 235 52
6624 8660 61
8660 902 9
2942 5788 171
5788 7942 24
5788 8809 57
374 2000 173
2000 7180 24
2000 888 69
4408 9490 176
1567 2333 177
2333 96 47
2333 8236 65
96 9390 149
2333 426 152
6868 4143 177
4143 2016 1
4143 2911 85
2911 578 25
4143 1813 93
1813 1950 33
1950 2651 167
4172 7849 177
7849 3510 135
2705 663 178
663 8245 16
663 9495 98
8245 8680 173
6734 1170 178
6537 1509 178
1509 8838 174
8838 6881 66
6881 2046 48
2046 6258 51
2046 6467 99
6467 416 98
8838 4316 111
416 3194 139
3194 1592 69
697 2055 178
2055 3840 69
3840 9201 165
9201 4986 24
4986 5353 74
5353 7130 75
9201 8050 89
9201 4730 169
4276 3553 178
3553 1871 24
1871 5745 139
5745 7317 47
7317 7820 7
7820 7188 16
7317 5313 44
5313 8215 45
7820 1245 48
5313 2527 54
7317 5018 68
7188 7142 100
7142 1190 52
1190 2614 57
1190 670 73
5745 7440 102
2614 6491 105
7317 3728 122
1245 8144 122
670 6 123
6 8632 29
8632 3550 17
3550 4275 35
4275 7260 12
7260 7296 34
8632 5651 98
5313 5442 124
5442 4298 91
4298 3079 69
2527 3803 125
7296 5647 138
5647 1644 46
1644 1852 134
4275 143 140
143 9541 89
9541 6133 109
6133 9462 54
9462 3708 4
3708 1772 37
9541 6330 140
7296 8883 142
5651 155 144
155 4671 124
3079 1954 144
155 1182 146
1182 7899 118
1190 9488 148
1852 6071 150
6071 6873 79
3550 1294 152
1294 432 20
432 6880 81
1294 5120 98
5120 7957 59
5120 304 100
304 6343 113
304 4856 125
4856 1312 20
1312 6643 2
4275 1806 155
1806 5584 59
5584 1556 37
1556 124 51
124 5505 69
5505 4613 5
5505 4709 94
5584 3503 107
6643 4975 156
4975 5719 151
5719 9494 109
5719 4114 118
4114 1317 3
1317 3040 96
1317 9182 109
9182 9760 33
9760 103 16
9760 9246 32
9760 5765 72
9760 4305 80
9246 8041 108
8041 847 3
8041 625 97
9494 5981 121
3040 2453 135
9182 5324 161
5505 6792 166
6792 7970 67
6792 3413 156
3413 4330 62
4330 1698 40
1698 2060 3
3413 5805 78
2060 9145 93
5805 4290 106
1698 3104 143
5981 8567 168
432 5772 169
1852 5891 169
3553 3043 170
3043 5554 57
5554 8907 58
8907 1261 62
9488 1336 171
1336 7407 24
7407 3033 8
3033 9506 23
7407 877 87
1336 511 101
1336 6366 114
6366 431 115
511 437 117
1336 7461 123
9506 7375 170
7260 9087 171
2060 2781 178
2915 4900 178
4900 4967 165
4967 915 1
915 7485 93
1813 7555 178
7555 4658 142
8647 7975 178
7044 9941 178
9941 4188 11
4188 3437 149
3437 9953 134
9953 9185 125
9185 5309 67
5309 5673 3
5673 7831 13
7831 3360 45
3360 8853 8
8853 7835 70
5673 5033 76
5033 8721 20
5033 9751 21
5033 3470 91
3470 4590 12
3470 7567 28
7567 7144 16
7144 4419 14
7567 9358 67
9358 5340 28
5340 7659 8
7659 315 18
9751 4916 91
315 7063 96
7063 4614 78
4614 7206 16
8853 2184 97
2184 8514 34
7831 2906 105
2906 2315 29
7144 8703 108
4614 6093 116
6093 2027 14
2027 5727 101
5727 2487 106
2487 8060 80
7206 2823 126
2823 9601 21
3360 5499 133
8721 9134 151
7144 6916 153
4590 6953 154
6953 3021 21
3021 3233 13
3233 1691 19
1691 7198 22
1691 6121 42
3233 9140 66
1691 3376 134
3021 3619 136
3619 1814 130
1814 2871 16
3619 6327 153
6327 8289 8
6327 7994 55
8289 4160 67
4160 8702 88
8702 9547 50
9547 643 9
643 2746 3
643 6798 3
9547 6119 15
6798 8101 17
9547 5415 22
6119 4430 37
4430 9316 1
5415 2984 40
9547 4518 46
5415 1757 50
9316 4748 56
4748 182 67
182 8966 7
6119 4187 82
4518 9877 97
9877 7907 48
7907 4899 21
4899 493 42
7907 2033 44
9877 3256 98
3256 4272 43
7994 7402 100
5415 5998 102
4899 9525 112
9525 1965 4
9525 2242 16
1965 175 17
1965 6174 29
175 2246 35
2246 8385 37
8385 4591 40
4591 1770 21
1757 2992 118
4187 39 119
39 4842 77
4187 2635 120
2635 9951 124
4272 5433 126
5415 8274 126
8274 6426 84
2992 3995 127
4591 6972 128
4591 5506 132
643 6123 139
5433 4807 148
4807 4282 48
6119 9386 148
9386 3305 108
3305 7879 81
7879 5510 51
5510 4615 73
9386 6245 134
6245 4996 78
4996 3175 94
8385 7511 151
9386 3457 152
4807 4323 154
4323 4477 121
4518 2415 156
2984 6056 167
6056 9038 9
7198 9803 167
3233 1040 168
3175 3202 169
3202 8126 89
39 326 175
326 2272 68
8385 2023 175
2023 8684 149
8684 7194 112
4419 9505 176
9951 471 180
9314 677 180
1608 3041 180
4272 4389 180
4582 5174 180
7835 7969 180
7969 6473 84
7574 8237 180
8237 662 107
5746 8609 180
4173 8787 180
8787 5590 39
5590 2408 43
5590 4822 67
4822 6857 16
6857 2447 32
4822 7823 67
6857 7922 93
7922 1087 63
1087 783 64
7823 6359 97
8787 8786 127
7922 2076 134
7823 9863 143
9863 4521 82
4521 732 149
783 7510 171
4822 456 174
456 736 17
456 6493 82
456 2313 118
2313 9016 62
9016 4794 165
4794 7058 79
7058 1052 47
7058 6116 98
6116 8255 139
6116 4368 179
4368 1402 169
1402 8798 178
8798 4126 147
4126 2950 90
2950 5080 39
6116 5384 179
5384 9654 92
9654 2821 177
2821 1419 56
4330 229 181
229 9165 50
229 1131 108
8067 1931 181
1931 5168 121
1931 223 166
223 7100 126
7100 5319 113
5319 4845 4
5319 7999 37
9929 3919 181
1008 3920 181
3920 4255 63
4255 8341 14
4255 3125 156
9644 5115 181
2016 5500 181
5500 9635 30
5500 4270 74
5500 4894 88
5500 4905 135
4270 3191 151
4894 9981 154
9981 8789 30
8789 6641 110
8225 7265 181
7265 1840 37
7265 8197 125
8197 7863 122
7863 1512 48
1512 6016 21
7863 7138 82
7138 8875 46
329 7538 181
7538 8687 13
8687 5529 141
7407 8062 181
8062 3702 103
4518 8989 181
6572 1789 182
3125 5518 182
5518 1157 90
1157 3091 129
3091 8956 25
8956 978 123
8956 6180 169
4392 7185 182
4518 7806 182
4067 8523 182
8523 4795 158
4795 5916 125
4795 7468 169
7468 8348 145
8348 9767 64
6367 8592 182
8592 9508 80
9508 1132 159
5772 345 183
345 8949 81
8949 9075 3
8949 1713 109
1713 2716 32
2716 3415 80
3415 2495 55
2495 9936 37
3415 2230 87
2230 3861 6
2230 3380 89
9075 5659 136
3415 3881 138
3881 1976 10
3881 9545 12
3881 3406 88
3415 2645 168
2645 5613 75
1713 3504 177
426 2137 183
7167 2512 183
2512 8414 42
8414 8739 66
2512 5441 102
5441 1153 91
1153 8893 49
8893 3706 45
1153 9413 63
9413 835 39
9413 6217 42
9413 7183 69
835 3573 90
8893 1495 95
8739 1181 105
6217 7352 113
1181 7051 121
7051 8803 41
8803 500 130
7183 3621 145
3621 1133 105
1133 6466 67
6466 3912 3
3912 8442 78
8442 2896 34
2896 3793 50
3793 6867 19
6867 1393 58
6217 1623 150
8739 464 152
464 6015 8
6015 4210 8
6015 9970 49
464 755 60
755 2321 127
464 5534 158
5534 1039 4
8414 2371 170
2371 594 50
2371 1314 77
2371 9903 157
1312 2573 183
7174 3231 183
3231 9999 39
8793 3759 183
3759 8984 55
8984 4841 143
511 4097 183
4097 973 114
2063 5940 183
5940 6143 39
8632 7925 183
7925 871 178
871 5849 22
871 4638 108
4638 9380 35
9380 9517 176
9517 830 164
830 938 9
830 6301 14
6301 7093 50
6301 7145 100
7145 5361 6
7145 5496 134
7925 1333 183
5939 8677 183
8677 9077 52
9077 1794 14
1794 4747 28
4747 2803 17
9077 4616 37
9077 7688 69
7688 7309 31
7688 7921 51
7688 8423 66
7688 2945 70
9077 8814 77
8814 6103 135
6103 3221 39
3221 8835 116
8835 4643 49
7309 6914 142
2945 797 166
797 1598 116
1598 6280 68
6103 924 170
2189 9773 183
1312 9776 183
9776 2144 125
2144 8300 132
8300 6080 126
2144 2362 170
2362 3419 148
2362 8063 174
8063 7478 158
4276 821 184
6060 1103 184
1103 1399 14
1399 1960 178
8514 1219 184
1219 1712 65
1712 6072 90
6072 3283 100
3283 3452 156
3452 1752 129
1752 5703 19
5703 2519 130
2519 1074 133
1074 9350 28
3283 8129 161
6366 2103 184
6373 5074 184
5074 1943 67
2096 6190 184
8721 6903 184
6903 9027 78
9027 4917 85
9027 3307 164
3307 5522 12
5522 1104 60
3307 1668 114
3307 2008 183
1950 7746 184
938 1246 185
1246 8946 155
365 2665 185
2665 495 91
495 7271 166
1806 8057 185
625 298 186
2517 318 186
318 1940 82
1794 640 186
640 1474 128
640 6599 144
6599 6191 165
6191 1439 44
1439 7031 102
7031 3029 97
3029 1812 18
6191 4014 113
7031 1034 139
1034 8115 26
8115 1978 73
1812 5182 162
5182 5267 34
1439 5572 167
5572 5026 51
5026 5814 56
5814 9787 55
5026 8715 80
5572 4100 146
1978 5750 170
5750 9960 13
5750 7364 97
5750 1666 131
4014 1824 171
4100 6315 172
6315 7334 75
1812 1628 180
1628 2660 101
2660 4457 164
5572 1552 182
1552 729 101
4457 2012 182
7031 5848 182
2660 4656 184
1552 4312 185
6056 981 186
1054 1618 186
4272 4755 186
4755 5051 3
4755 5453 64
340 4913 186
4913 5422 11
4913 9319 182
9319 1990 84
9319 6576 122
6576 136 27
136 8519 21
6576 9896 32
136 388 46
388 2100 12
2100 280 49
280 4652 35
4652 3886 14
3886 1651 75
3886 5342 94
8519 3107 116
3107 6561 25
6561 8211 68
3107 2582 94
8211 9565 117
9565 5325 32
5325 8867 14
8867 4983 28
3107 7086 133
280 2788 136
2788 2616 40
8519 1189 148
1189 2891 94
1189 9428 101
9428 9403 1
9428 3062 106
3062 5203 57
5203 5577 75
4652 2428 148
2428 7166 86
4983 4333 149
4333 9880 89
1651 8658 150
8658 735 131
3107 3088 154
2428 7963 159
7963 6333 97
6333 4584 95
6333 6825 131
6825 6410 162
2582 623 166
5325 2035 169
2035 8084 56
8084 9980 21
9980 2615 37
2615 6788 120
6788 5640 33
5640 7608 76
7608 6865 28
7608 8535 101
6788 4134 108
6576 6433 173
6433 3247 34
3247 4286 60
4286 5464 49
5464 610 14
5464 4531 36
3247 4095 71
5464 6706 75
4286 2548 79
4095 9566 89
9566 8085 59
8085 2247 96
2247 8200 52
2548 6042 105
6042 1671 38
5464 2767 119
6042 2715 122
2715 6565 104
610 7839 124
4286 9234 126
9234 525 61
9234 5663 133
8200 1726 136
1726 5391 1
525 125 139
9566 8292 144
2715 8999 149
8999 501 53
1671 7486 152
5663 8811 153
8811 2852 37
4286 7021 162
125 7763 162
7763 546 135
525 550 165
550 1016 106
2548 3896 165
3896 3518 4
8292 8657 166
1016 3668 168
3668 427 97
427 9186 166
7763 8797 168
8797 885 158
885 1619 31
1619 1822 57
1619 8449 147
8449 9591 115
9591 8481 37
8449 9752 165
9752 336 42
885 171 169
171 6930 59
6930 8167 99
3886 7522 175
7522 3583 142
3583 2051 22
2051 4523 16
2051 2320 73
2320 2920 45
2920 7684 51
4523 935 85
935 8673 2
4523 7087 110
7087 6994 8
6994 8355 145
8355 9335 43
9335 3453 45
3583 2072 146
2072 927 76
927 1191 4
2072 733 120
2072 4793 141
4793 6113 31
6113 1904 4
6113 1630 65
1904 5873 80
1630 718 130
6113 1941 143
1941 3732 36
6113 7962 145
2072 400 151
1941 2613 153
2613 9417 22
7166 1193 176
1193 7307 24
427 5122 176
5122 2617 87
5122 2116 106
2116 1654 60
1654 79 88
5122 4219 130
4219 8400 85
8400 6300 62
4219 3968 107
7963 9024 176
9024 2779 150
5873 789 177
5122 9930 179
9930 2743 75
2743 8387 123
8387 9898 50
9930 2351 132
2351 4455 57
2351 6057 123
6057 7541 55
7541 3854 12
7541 8667 93
3854 7766 130
7766 2877 128
2351 8906 130
4455 7237 132
7237 9355 62
8387 3383 176
3383 8469 50
3383 7224 77
8469 5657 87
7224 3864 124
3864 5206 119
5206 7677 53
5206 9650 56
3864 5931 130
8999 5255 181
8469 7358 181
7358 3184 105
3854 2534 182
2534 8210 151
2534 4496 152
4496 6097 65
6097 6320 121
6320 5694 80
1990 5552 184
550 5971 184
5971 2581 175
5342 3246 185
3246 7076 114
7076 3554 92
3554 9643 94
9643 2873 49
3554 8160 120
7224 1011 186
6846 5177 186
8321 6487 186
6487 7169 170
7169 2403 63
2403 8621 58
7169 7509 72
7509 9109 105
9109 3543 39
9109 3524 161
7509 8952 167
155 7650 186
7650 7457 120
7457 9626 133
9626 6192 143
6192 2774 12
2774 699 27
4926 7713 186
7713 1023 5
7713 728 92
7713 9108 102
728 6039 109
6039 2050 102
2050 9419 26
2050 242 52
242 4487 73
242 3334 87
9419 7505 154
3334 292 158
2050 2019 186
2019 5763 48
5763 1828 71
2019 6307 97
6307 3214 24
3214 9196 93
3214 579 117
579 1716 94
1716 1351 33
3214 2197 135
2197 2420 24
2420 1982 100
2420 4670 106
4670 455 133
9196 7852 149
7852 7640 132
6307 5713 161
5713 5564 98
5564 3449 122
3449 6511 123
5564 7568 153
7568 2644 137
1828 3374 162
2197 4122 172
4122 8688 156
455 6332 172
9196 1996 175
1996 9058 101
5156 8646 186
8646 8717 91
8717 4429 123
8717 9084 136
9084 6089 96
6089 3552 127
6089 9059 140
6089 1359 185
824 9944 186
9944 9120 19
9944 4932 90
4932 358 157
358 2919 133
2919 691 95
691 8012 45
8012 2995 114
2995 1590 78
1590 7308 17
691 8424 115
8424 3674 68
8424 4321 96
8424 6720 97
6720 9272 67
9272 350 56
2995 2464 127
2464 6621 5
9272 4556 127
4321 7473 139
7473 5011 109
7308 3663 146
3663 5531 48
3663 3240 66
3663 6919 139
8012 2353 149
5531 434 157
4321 3055 176
5338 1123 187
1123 2887 6
1123 2304 20
2304 4119 39
578 1993 187
1877 2478 187
2478 6182 81
6182 9107 67
6182 874 98
8919 2547 187
2547 5132 55
921 3137 187
3137 13 100
13 3298 58
3298 7861 166
7861 2445 88
7861 8779 129
3298 2983 172
2983 5310 149
5310 5596 103
2445 346 173
5596 9442 179
8622 3361 187
9077 4833 187
5640 6299 187
6299 7897 74
7897 8723 160
6299 2442 164
510 7075 187
7075 5409 116
5409 7908 41
7908 7219 62
5409 9511 76
9511 3411 46
5409 6101 95
6101 7772 71
3411 193 161
193 7920 129
7920 939 61
6101 3093 169
3093 98 62
4753 7437 187
7437 2612 79
2612 4068 35
2612 4096 75
4096 8323 30
4068 5742 95
7437 4369 109
4369 4739 79
8323 1949 150
1949 5243 24
5243 8534 35
1949 7857 109
8534 1589 140
3406 8275 187
8275 5135 8
8275 4032 22
8275 1058 135
1058 5622 140
1058 499 163
499 5533 35
6367 9315 187
8702 341 188
341 4530 80
4530 9080 148
9080 384 130
4530 9589 165
9080 2832 172
5314 352 188
3920 4050 188
4050 5008 128
5008 2397 45
4050 1420 132
2478 4883 188
3132 7890 188
3221 9477 188
9477 5290 54
5290 221 60
221 2150 65
9477 9965 71
9965 4099 65
5290 6523 96
2150 4914 98
2150 8407 121
8407 4357 98
4357 2686 12
4357 4297 92
4297 2412 57
2412 8801 18
8801 8477 61
8477 9389 18
9389 1864 69
1864 8753 27
8801 2947 108
2947 9790 22
2412 2773 130
4357 1995 143
8753 2265 164
2265 6800 10
6800 5425 81
6800 2216 84
5425 5492 100
5492 9572 22
5492 3624 55
9572 5877 58
3624 2886 70
5492 1200 75
1200 3006 48
3006 5623 75
2265 9625 125
2216 2895 137
2895 9286 114
9286 5723 132
5723 4866 6
4866 9597 39
9597 217 4
9597 260 19
4866 4758 47
4758 1113 57
1113 2685 59
5723 1703 111
1703 948 21
1703 3651 86
217 8964 114
8964 1375 12
1375 851 16
851 1906 44
1906 9949 109
9949 1833 10
217 3750 117
5723 3622 118
4758 1486 126
9949 8266 137
9625 4490 146
4490 5248 148
9286 1479 153
1906 9018 163
9965 2862 168
851 9840 170
9840 5269 153
1906 8812 173
2686 4284 174
9949 4644 177
4644 9297 6
4644 9126 95
9126 5821 137
4644 6652 157
5821 964 159
964 8828 100
8828 6351 8
964 1574 162
1574 655 42
655 4541 91
4541 638 162
2895 288 178
288 4623 1
288 5113 69
5113 3506 55
5113 3369 95
3369 5991 41
4623 713 113
713 6807 108
6807 9705 62
3506 8058 113
5113 4966 141
4966 9149 37
4966 7301 85
7301 3451 110
7301 7161 113
4966 6336 115
3506 7078 142
9705 6458 143
7301 4347 147
4966 8331 154
3451 2748 155
7078 4302 159
4302 2505 54
7301 9198 166
4302 3891 182
3891 7884 181
3622 1297 183
851 3339 185
3339 5501 95
5501 3443 109
3443 3254 182
9286 4565 186
4966 5152 186
4644 9339 187
9339 7673 119
2076 2316 189
2316 5722 147
5722 2936 112
2936 417 107
417 8846 55
8846 6193 110
431 4479 189
4479 4266 93
4266 7955 60
171 6650 189
1978 7018 189
7018 5504 52
5504 9124 105
9124 1515 108
1515 1835 42
1515 3414 70
6237 7928 189
5174 8317 189
9643 9614 189
9614 758 42
9614 1659 146
5963 444 190
444 5929 148
1556 1573 190
7969 1919 190
1919 6784 139
6784 6787 102
1919 3760 143
3760 2223 19
2223 7182 2
3760 8939 83
7182 251 87
251 8100 78
8100 5667 31
5667 3656 4
8100 6710 37
5667 8930 169
3651 2880 190
2880 2619 18
2880 7234 53
7234 6215 122
2619 9283 137
2246 3948 190
7922 4346 190
885 6578 190
1943 7228 190
7228 9922 130
9922 8191 60
9922 940 99
7228 7918 167
7918 8954 77
7918 2701 95
2701 2854 118
2701 9009 137
9009 4115 10
4115 2155 22
4115 3161 54
9009 5410 129
5410 3367 73
3367 7019 32
9009 4563 147
4563 7658 18
7658 6886 162
2701 1298 176
1298 8531 89
4115 6852 186
6852 4468 38
4468 8773 104
8773 822 46
822 9274 64
6852 1853 113
4468 8106 139
8106 4349 156
822 9611 163
9611 5284 12
830 7305 190
7305 9500 79
9500 712 22
9500 3344 70
3344 1149 71
1149 8081 48
7305 4896 81
712 1899 105
1899 8806 84
7305 3035 107
8806 302 131
302 3933 23
3933 9269 113
9269 2124 113
302 575 159
2124 6659 173
1149 6983 189
6983 6355 8
6355 9826 58
9826 7932 181
5453 7392 190
7392 4636 71
4636 9946 65
9946 5388 9
7392 5264 103
5264 7686 69
7392 3332 124
3332 4684 75
9946 1435 144
1435 3517 42
9707 7726 190
7726 8752 4
7726 4179 139
5217 8045 190
8045 7709 137
8045 8298 177
8298 3229 27
3229 771 42
8298 9170 46
3229 7433 96
3233 9743 190
8828 248 191
248 9025 78
248 5769 139
8129 1199 191
3184 1341 191
1341 6584 165
6584 6832 13
6584 1584 113
6584 9925 131
9925 3477 34
9925 7602 55
3477 2161 57
2161 3527 81
3477 4574 93
6832 3434 138
3434 4820 102
1584 3724 152
3724 7146 119
7146 4022 118
4022 983 166
983 7817 122
983 3436 158
5018 2553 191
7198 3377 191
3377 4542 63
4542 3425 79
3377 3899 101
3899 7911 64
3899 3060 68
3060 3611 45
7911 8438 100
8438 4633 73
3060 8207 121
7911 2938 140
2938 9492 13
2938 9271 25
8207 2847 145
9271 8719 176
7911 3825 180
3060 3388 186
3388 9858 150
3060 9364 188
9364 2692 57
3725 3454 191
3454 89 45
89 9932 127
2627 4832 191
4832 9802 12
4832 2792 185
2792 6658 41
6658 7542 13
5841 5526 191
9107 5656 191
5656 8623 36
7180 5825 191
5825 6211 112
6211 2341 85
2341 3416 83
3416 8844 100
3416 1164 104
1164 5095 47
5095 4031 62
4031 7054 63
8844 5532 136
5532 4630 58
4630 4135 65
4135 3977 15
4135 6905 134
6905 7292 32
5095 2309 137
2309 2102 67
4031 3530 159
3530 1463 123
5532 1735 160
1735 5696 134
5696 2656 131
1735 4035 151
4035 364 86
4135 7452 170
7452 7867 93
7452 4058 114
4058 1162 135
1162 3629 153
3629 3831 81
3831 723 18
723 7404 8
3831 3407 20
723 1962 67
3407 7480 86
3407 5544 97
5544 2218 30
723 462 127
462 8722 116
8722 8342 58
8722 6532 102
3831 7341 131
7341 8958 7
7341 139 92
139 9914 52
9914 1365 16
9914 6918 37
723 9230 136
9230 8459 105
8459 7642 35
7642 8295 1
7642 4358 25
8295 9227 36
9227 7917 43
4358 8001 64
8001 7634 10
8001 1863 56
1863 2590 61
8459 7483 73
7917 6100 122
6100 9405 65
6100 4987 93
139 3082 142
3082 7931 26
7931 5426 58
7931 3343 123
3343 612 60
5426 8366 132
6918 3147 142
7634 6623 161
7917 9270 164
9270 3013 29
7931 9502 165
9502 8765 146
2218 7902 166
7292 1004 171
7292 3740 171
3740 5580 41
1004 7735 174
7735 2014 80
2014 9267 78
9267 8133 25
9267 7778 84
8133 2003 85
7778 5790 143
5790 8491 116
8491 1013 163
1013 558 52
3416 7606 175
3740 2516 181
4135 3972 185
9227 950 187
950 4777 101
4777 9899 84
4777 7385 91
9899 6843 155
6843 6395 83
6395 4110 93
4110 335 77
335 7745 148
7745 5067 131
5067 5803 130
5803 9306 25
5803 7569 165
7385 5494 166
5494 1660 37
1660 3941 91
3941 3198 17
1660 148 104
148 4093 13
3941 2210 117
3198 5446 133
2210 4715 154
5494 7435 156
7435 9570 40
1660 5411 160
5411 1992 84
1660 5936 167
950 2971 169
2971 694 10
694 642 18
694 9152 71
642 4391 102
9152 3252 154
3252 5331 82
9152 1241 170
5331 2965 172
2965 9900 115
9900 6008 87
2965 4922 129
4922 5984 8
4922 641 81
641 6033 48
6033 3539 29
641 7599 72
641 3034 77
3034 7547 5
7547 6229 16
7547 5029 34
6229 1173 100
3034 3156 136
3156 7286 112
6843 1720 178
1720 6002 10
3941 6259 179
6259 7840 16
6259 4666 34
4666 531 20
531 6122 40
6122 9293 22
9293 4374 56
531 7113 143
6259 949 153
5803 1522 181
1522 2524 19
1522 8932 24
531 7382 183
7382 2330 32
7382 4128 32
4128 5429 123
7382 9423 170
9423 9811 116
9811 945 85
9811 6895 92
6895 2949 97
2949 7767 14
7767 6688 24
2949 658 96
658 7901 2
658 3627 47
7901 2130 67
2130 8419 66
658 2647 69
658 1405 81
1405 2430 106
2430 3357 25
3357 1061 50
3627 7915 106
2430 6862 119
6862 6326 42
6862 274 117
2949 1521 130
2647 9971 133
9971 9653 66
9653 9810 54
945 2885 134
2885 4855 6
7901 2483 137
6895 1077 146
274 4279 154
4279 3438 76
3438 1129 106
1129 3746 145
1129 1194 148
9653 887 156
3438 7855 164
7855 589 87
589 9232 23
589 2673 27
9232 9150 48
7855 4136 159
4136 4164 124
4136 6277 136
6277 3423 57
3423 1319 28
6277 7560 90
7560 5557 5
1319 5831 126
6277 684 134
2647 1428 168
1428 7165 93
4136 9749 171
7382 1754 172
1754 6444 94
6444 9377 128
945 4124 175
274 7514 185
7514 753 23
753 5118 41
7514 859 67
859 4933 60
4933 7591 12
4933 7444 13
4933 1243 58
7591 5427 70
7591 440 73
440 6381 57
6381 378 35
378 2233 60
378 7202 85
7202 2914 54
2914 911 4
911 2912 29
2912 960 42
960 6689 23
960 3979 43
911 6708 48
911 3056 148
3056 7106 86
7106 2115 20
3056 2621 136
2621 1498 8
7444 7406 153
859 9819 155
9819 4271 179
950 4594 188
139 205 189
205 7612 44
7612 7103 92
7103 3290 24
3290 1022 41
7917 843 190
843 196 9
196 4196 5
196 4629 46
196 4864 143
911 2683 190
2330 7898 190
7898 9052 80
7234 6017 191
6017 7115 183
7115 1257 93
1087 6391 191
6391 2385 142
2385 5091 55
5091 6210 92
2385 1912 96
1912 918 132
918 2122 57
918 1346 155
8828 7189 191
7189 6911 172
3924 7732 191
7732 5827 31
8537 8238 191
8238 2499 46
3324 8792 191
2371 9079 191
9079 8052 81
3106 903 192
4790 2089 192
2089 5375 106
5375 4005 99
4005 7326 8
7326 1839 54
7326 6212 90
2089 5200 116
1839 2322 148
6212 3597 160
2322 5701 160
5701 4705 1
5701 2664 34
2664 9094 1
9094 4609 19
2664 4235 74
9094 2107 77
9094 8065 88
8065 6887 28
4235 502 96
502 979 133
979 7843 23
979 9768 108
9768 7681 135
7681 4667 24
7681 5261 134
5261 5793 57
5793 6551 48
7681 5635 146
4667 6996 146
6996 5547 78
5547 1580 36
1580 2280 92
6996 2298 125
2298 1537 34
1537 6675 120
2280 75 139
979 8951 160
2322 4978 167
4005 1615 168
7681 6305 171
7843 4291 178
4291 3707 97
4291 6767 130
6767 7830 99
7830 4043 167
4043 523 181
523 8132 12
523 2537 83
2537 9498 34
9498 8782 76
8132 9384 92
2537 8102 180
8102 6939 93
8102 6539 118
6539 2267 89
8102 7386 124
7386 6476 115
7386 2923 133
2267 9755 137
1537 4640 181
4640 6745 165
6745 9984 104
4005 3176 183
3176 4726 160
4726 5052 132
5052 1600 140
5052 9934 167
9934 4604 45
9934 6181 162
6181 2059 102
2059 8350 57
8350 5535 152
8350 5565 178
5565 6347 10
5565 508 59
6347 3665 119
3665 3913 149
3665 8241 170
8241 7734 147
4043 6889 186
6889 4382 154
9934 4422 187
4422 7754 26
7754 3280 69
3280 8894 55
8894 9199 40
9199 9732 26
9732 970 59
9199 9706 106
7754 3603 126
970 6648 174
3603 7996 176
8894 5941 179
5941 1956 39
5941 8648 79
8648 628 30
5941 2131 136
2131 4048 32
4048 9418 4
628 5607 163
8894 1447 184
1839 5813 189
2664 2452 191
2452 9658 93
9658 4731 118
4731 4543 62
6181 7361 191
7361 9888 28
9888 425 58
9888 3804 128
7760 2815 192
2815 4959 101
7386 2829 192
2829 9955 94
2615 5734 192
5734 7814 35
5734 2293 180
7814 7724 183
7724 5088 81
7724 5958 134
5958 6667 176
5958 3790 190
3790 3903 139
3903 4094 107
4094 2290 8
2290 6660 10
6660 2125 59
6660 7262 73
4094 483 87
7262 6022 105
6022 2414 148
2290 9563 154
9563 9011 27
9011 5219 26
9563 5918 39
5918 6070 26
9011 6223 62
6223 6775 124
6775 8413 11
6775 4118 68
4118 1575 54
5918 9686 125
9011 6595 134
6223 8895 146
6775 2869 152
8895 1832 161
2414 7195 162
5918 4184 175
4184 1329 29
4184 6507 86
2414 6985 179
6985 6469 158
6022 7613 182
7613 8487 5
7613 45 87
8487 7924 107
8487 8069 166
6595 7708 184
7195 3844 192
3844 7893 145
7893 9330 116
4755 6337 192
6337 2636 51
2636 8699 68
8699 9637 66
8699 486 130
4358 8003 192
1298 8109 192
8109 166 154
166 7248 109
7248 3838 20
3838 4751 110
4751 245 35
245 9764 71
9764 726 16
245 3771 89
9764 2388 111
166 367 117
4751 4261 168
4261 87 119
87 3752 22
87 2731 27
87 3620 40
87 5040 88
5040 4046 50
5040 5457 62
2731 4181 137
4046 6046 158
6046 6965 27
6046 8262 183
8262 3531 16
8262 6732 91
6732 2594 51
2594 8603 143
1615 8691 192
8691 4354 2
4354 4042 139
4354 8452 171
8452 6176 13
159 306 193
306 3687 168
3125 1270 193
1270 9540 23
9540 3278 97
9540 2426 122
9540 8039 141
8039 6755 151
6755 6560 146
9540 9256 169
5394 3459 193
3459 1670 8
1670 1053 91
3459 2417 130
3459 3070 176
4771 5292 193
5292 7484 157
7484 1785 71
2298 5408 193
5408 5867 106
5867 4215 23
4215 9175 13
4215 2177 37
2177 8277 94
5408 5093 154
5093 7989 142
6466 5541 193
3674 7250 193
7250 394 8
2453 7425 193
7425 1681 187
6709 7491 193
3629 7707 193
5425 7 194
9863 71 194
71 1565 34
71 3284 50
7994 4360 194
4360 3099 20
4864 4367 194
6429 4706 194
5437 5274 194
5274 2976 64
2976 446 70
9635 6500 194
6500 451 21
451 5038 11
5038 6786 102
5038 2820 140
2820 5359 80
5359 78 73
9843 357 195
8295 1210 195
1210 5937 138
5937 8857 52
8857 1910 188
2961 1248 195
4386 1476 195
2516 1595 195
1595 402 120
1595 4936 141
2454 1604 195
3537 3273 195
6440 3295 195
9134 5780 195
5780 6375 11
3504 6106 195
6106 2954 166
2954 6626 106
6626 5129 194
2516 6252 195
6252 7071 148
7071 6632 80
6632 6464 64
6464 2506 102
9016 7964 195
7964 5760 163
5760 6246 22
5760 3934 55
5760 5223 121
5223 6324 26
6324 4903 5
5223 2740 127
2740 3845 95
5760 3203 136
3203 8343 31
3203 3764 80
3764 1334 1
1334 3522 30
3522 1152 23
3522 9445 92
9445 9618 5
9618 2690 20
9618 719 45
719 9258 94
2690 5368 96
5368 3065 59
5368 5692 83
1334 2948 145
3764 5382 145
5382 3878 142
3878 4504 60
2948 4596 159
4596 9063 157
2948 2359 172
2359 5855 150
6246 3200 176
3200 7419 117
3934 4242 181
2359 4200 182
6246 860 187
860 6528 37
6528 5595 6
6528 6958 100
6958 1583 24
6324 879 189
3156 8290 195
1221 8378 195
4386 8630 195
8630 5058 18
5058 1102 180
3490 9920 195
7183 896 196
896 4691 55
5334 4426 196
1438 5982 196
5982 8564 31
8564 7016 67
7016 6316 58
5051 6353 196
3530 6821 196
6821 2857 29
2857 2460 150
2460 6818 121
6818 2111 36
6818 4901 90
3576 6829 196
388 8040 196
8040 7876 10
7876 1410 141
6950 8316 196
2647 8377 196
8377 9164 102
9164 4339 165
4339 6377 138
6377 233 74
233 7289 163
7289 8583 36
8583 2365 46
2365 2708 28
8583 9952 129
9952 7329 155
7329 9961 127
8583 5989 170
5989 3113 154
9961 632 176
632 9822 98
9822 55 158
4339 7765 186
7849 8543 196
8543 1198 171
1198 307 112
1198 2999 169
1058 8675 196
8675 2611 40
8675 8373 89
8373 9101 132
9101 3894 2
3894 613 21
613 2127 98
2127 7360 7
7360 8624 87
8624 5022 72
613 8676 164
8676 5483 183
8675 4687 188
8341 9634 196
9634 8075 60
8075 4370 15
8075 743 22
743 7502 31
7502 6177 35
8075 1169 135
1169 2952 69
2952 1360 20
1360 9029 60
1360 3310 135
2952 7524 162
5692 9906 196
4266 215 197
215 2735 34
2735 3009 42
2735 9688 127
3009 741 156
741 7500 6
7500 776 30
776 5068 59
7500 3797 62
3797 1734 24
1734 5642 94
5642 1492 94
1492 7422 66
1492 6485 129
5642 7479 146
5642 5978 148
5978 5144 86
741 1001 169
7500 3018 171
3018 3500 96
3018 7935 162
3797 4617 175
4617 330 73
4617 2044 119
330 9210 132
9210 3650 4
5144 539 189
539 3429 76
3429 3110 150
3110 4461 103
9688 9302 191
7317 666 197
666 8181 86
8181 2863 143
3377 870 197
1495 1339 197
6632 3747 197
6240 3808 197
3808 7521 138
3620 4891 197
2076 5515 197
5515 6785 2
8885 5737 197
5737 282 105
1716 5744 197
5744 2714 48
1972 5838 197
5838 7638 56
5838 8468 86
5838 3559 115
8468 7805 126
7638 8335 147
5838 6038 169
697 6127 197
774 6558 197
6558 3669 51
3669 6364 56
3669 4018 80
6364 3727 114
3727 775 124
775 473 112
473 7059 75
473 3523 108
3523 7153 104
7153 8367 77
8367 1117 12
1117 4552 21
7153 2372 105
4552 529 107
529 648 104
648 1701 100
1701 3003 45
775 4664 119
4664 6837 39
3669 1661 140
775 6744 152
6744 8145 53
8145 4318 11
1117 3528 184
3528 6255 79
6255 1616 8
3528 1308 128
1308 4039 188
4039 7190 34
4039 1920 72
7190 9112 96
7190 8829 107
9112 5364 136
9112 6004 155
7190 772 165
2668 6653 197
6062 7699 197
7699 1477 80
1477 9531 8
9531 2599 90
9292 8572 197
9270 993 198
4105 1063 198
1063 8981 180
8981 7984 119
7984 8399 105
6818 2650 198
2650 1685 79
1685 762 11
762 8566 88
8566 7412 154
5931 3468 198
3468 3301 24
3145 4722 198
1083 5149 198
2859 5383 198
3147 5560 198
945 6559 198
9959 7776 198
7776 688 64
688 626 1
6022 8614 198
6515 9532 198
306 9870 198
9870 116 24
9870 7242 35
9870 1682 50
1682 4860 155
5886 807 199
807 2822 129
2822 2364 5
2822 2831 5
2831 7463 67
2822 9874 111
807 7005 140
1495 2542 199
2542 2574 54
7432 3395 199
3395 564 174
564 7944 76
564 7678 93
7678 4009 52
4009 2303 44
7006 3618 199
3618 1138 192
1138 5834 159
5834 689 26
689 1197 20
689 9333 25
1197 220 31
220 9926 3
689 9207 38
9207 9321 42
9926 3318 83
2341 4205 199
5220 5230 199
5230 8870 9
8870 9310 129
5230 9158 184
9158 5649 91
9158 9249 104
9249 3052 7
3052 881 105
881 2095 34
2095 8695 53
8695 4646 86
4646 8008 19
4646 2257 84
5649 5777 114
5777 7447 70
5777 2203 111
2203 9105 104
9105 3755 2
881 8172 123
3052 6304 133
6304 3753 133
8008 188 143
881 3326 160
9105 1462 164
1462 8908 143
2257 745 168
9249 6063 176
3052 3632 184
6304 805 195
3326 3778 196
3778 2555 118
2555 6284 55
6284 1532 48
7447 8000 197
9333 5563 199
5563 8032 154
8032 2165 158
2165 6504 28
6504 8654 23
5563 1299 186
1299 5065 162
5065 777 106
777 7631 39
777 8991 156
4279 6839 199
4305 6925 199
6925 415 1
415 4690 78
728 7170 199
6156 7209 199
7209 6587 92
6587 517 10
517 88 5
517 8650 20
517 2905 54
2905 536 25
2905 2806 84
2806 7722 34
2905 7147 114
7147 8804 52
7722 5380 137
5380 7662 15
5380 4837 151
4837 8473 110
8473 8201 79
8201 1564 127
517 7010 152
7010 3216 60
3216 7294 32
7294 4405 29
4405 1283 61
88 7434 157
7434 6254 91
3216 2836 162
2836 6262 61
6262 6625 50
6262 4779 86
4779 8272 22
2836 7310 147
7310 1080 104
1080 8527 48
7310 4454 110
1080 6743 124
1080 303 125
303 2623 114
7310 1322 145
1322 1290 11
6262 6489 151
1080 4362 153
4362 3768 8
3768 1751 33
3768 8985 138
3768 8554 163
6254 6684 164
8650 7013 172
7013 3086 9
517 3947 181
1283 8117 198
8117 674 4
674 1860 10
1860 5293 56
5293 9223 101
9223 3862 19
9223 9631 128
1860 8584 145
1860 433 146
433 2535 8
433 4934 124
4934 8730 85
8730 5633 147
2535 115 150
115 1607 31
8730 4132 196
5052 7376 199
2351 7399 199
4230 7698 199
5978 7755 199
8109 122 200
721 412 200
412 2470 1
4504 831 200
831 5477 35
3156 1353 200
1353 2 38
4022 2543 200
2543 2071 77
2543 5164 162
8489 2713 200
2713 4545 193
4680 3045 200
4184 3178 200
3178 751 59
3178 8021 149
8021 5739 108
877 3187 200
2365 3359 200
3359 42 105
42 8243 29
5688 3570 200
3570 3001 38
3761 3926 200
3926 8653 72
1333 4131 200
7996 4256 200
4256 7589 92
7589 8672 76
8672 7197 5
7589 6264 174
6264 4781 187
4781 3714 13
3714 6035 91
6264 3141 197
3141 9524 62
3141 8165 149
8165 727 122
727 7900 115
9524 720 156
720 8169 26
8169 6898 151
6898 3250 56
7900 2032 186
720 291 190
6532 4589 200
1594 6018 200
1314 7089 200
7089 9780 159
6536 7252 200
7252 6815 133
6815 1759 16
6815 6799 74
1543 7261 200
7261 544 105
544 6556 82
544 5016 150
5016 4502 123
3273 7641 200
1540 7657 200
7657 1055 28
4903 9851 200
9851 3882 14
3882 6937 139
9851 8669 152
8669 6836 128
6836 5751 124
6836 9948 145
9851 4208 159
8669 263 198
2417 9954 200
9954 3564 127
1532 140 201
140 8826 11
8826 1705 113
8826 2565 176
2565 4727 28
1705 8090 193
8090 3315 37
8090 9928 66
4284 804 201
804 8651 100
9975 1948 201
7970 3479 201
8350 4294 201
4294 9748 113
834 4306 201
4306 6735 62
6735 6047 105
6047 5524 114
6735 7430 154
7430 7300 95
7300 8561 8
7300 2578 26
7430 6148 119
2578 411 130
6735 4673 185
6047 481 192
2125 5377 201
5377 9876 100
3167 6871 201
9267 7338 201
5607 7888 201
3295 8276 201
1410 9295 201
9295 1267 11
9295 7036 107
9295 4449 129
1052 9455 201
9455 5717 39
9455 788 58
9455 6517 69
6517 5278 30
788 7212 69
6517 4436 90
4436 2066 77
2066 8634 10
8634 5317 104
5317 6384 56
5317 1968 72
6384 5148 87
5148 9817 81
9817 608 28
6384 2696 91
6384 5628 99
5628 3206 58
3206 6290 36
5628 5503 66
5278 764 115
5628 9336 117
608 2946 139
6290 1343 156
1343 5759 38
5759 991 33
1343 165 91
5759 3323 97
991 4331 168
991 1037 177
1037 3232 167
3232 3015 14
3015 3090 129
3090 6225 8
3015 3213 140
3213 3069 82
3069 9739 98
9739 3602 34
5278 4625 187
4625 1518 180
5759 4081 193
3213 4557 193
4557 9229 59
4557 5551 88
9336 7945 193
7945 1750 32
1750 1154 31
7945 3644 131
3644 5778 89
1154 2374 149
1750 7581 167
3644 6222 177
7581 6575 194
5778 2158 196
2158 3139 61
6775 83 202
2333 195 202
9246 1578 202
1578 5311 50
1578 3568 58
1578 1204 97
1204 4697 122
1204 9901 123
9901 5486 110
9901 5976 144
5976 3563 97
7215 2605 202
2605 5003 26
5003 5184 38
5003 381 94
5003 6049 100
6049 6813 56
5873 3588 202
2831 4693 202
4693 7753 16
7753 3936 3
7753 9146 7
4693 6415 27
6415 5303 14
7753 3356 35
3356 4288 177
3936 3860 187
3860 4799 154
4799 976 50
976 7506 17
976 2530 47
2530 6940 119
6940 100 185
100 5239 20
5239 934 13
100 2974 44
934 9793 155
8237 5548 202
8109 6947 202
1670 7388 202
3654 7796 202
3290 8011 202
8011 1229 136
1229 9794 38
1229 6348 80
8011 8107 189
1046 8185 202
8185 413 114
413 57 109
413 9144 129
57 3545 166
3545 8480 63
3545 846 97
5976 8354 202
8354 5797 172
5797 9558 80
9558 4476 139
329 8391 202
16 8470 202
8470 2294 71
5929 311 203
2265 485 203
5317 507 203
507 3969 59
5243 597 203
8352 943 203
3645 1460 203
7018 1469 203
1469 2688 17
1469 5462 99
1469 1305 129
1305 4320 95
3161 1593 203
9658 1842 203
8561 3744 203
3744 8577 103
6381 4229 203
4229 1291 78
1291 8105 59
4229 14 141
1291 1354 175
1354 328 99
328 7179 202
8298 4886 203
3413 5735 203
1630 8700 203
8700 3911 14
8700 861 81
861 4335 10
4335 1048 72
861 7487 143
1048 5711 184
5711 8205 77
433 9879 203
9879 6521 73
6521 5403 83
5403 8970 105
8970 4562 9
4562 5228 168
5228 8997 163
8997 4010 140
4010 2239 27
2239 5970 67
8970 5430 200
5430 9416 38
8906 904 204
9949 3614 204
3614 4775 42
3665 4267 204
4267 4274 22
4267 3285 35
4274 7277 158
7277 414 167
4267 7618 176
7618 8866 157
7277 7323 186
7323 7351 52
7323 5186 177
5186 9882 196
2690 4544 204
4216 6288 204
6288 8971 79
6212 6570 204
6570 1185 146
1185 9304 166
9304 2236 143
9631 6926 204
6926 1991 151
4208 7267 204
1860 8203 204
8203 1417 9
4404 9255 204
7487 9759 204
8491 323 205
4656 1815 205
1815 7282 170
456 1868 205
1868 3533 179
8122 1958 205
4409 2624 205
2624 9884 77
9884 9736 46
2624 6597 82
6597 6357 123
9884 8704 197
8704 178 156
5191 3173 205
4069 3193 205
3193 321 15
321 7824 45
3193 5944 133
5944 3228 106
3228 5356 172
5356 7703 82
7703 5953 61
5356 5459 142
5944 2169 202
9658 3236 205
8991 4902 205
7989 5601 205
5601 6853 95
5052 5695 205
5695 4846 47
9999 7369 205
7369 2117 72
7369 2270 169
6028 7736 205
9433 9062 205
9062 8931 104
5963 9216 205
9216 3081 62
9216 5681 133
5681 61 74
4589 1369 206
1348 2188 206
2188 3134 191
3134 6833 11
6833 7110 71
6833 4937 85
3134 6241 141
6241 9612 120
6833 7118 148
7118 497 137
7726 3444 206
4479 5222 206
5940 6411 206
1941 6654 206
5877 6861 206
6861 627 194
354 8033 206
8033 8819 53
8819 9712 16
8033 3461 103
8556 8606 206
8606 4247 82
9227 9974 206
9974 7714 115
7714 74 201
74 4626 141
74 5484 158
5484 6656 83
6656 8897 35
8897 989 65
989 9695 82
4626 2077 167
8897 6612 180
6612 8175 114
6612 9616 149
9616 9369 1
9616 8409 24
9616 230 35
8409 4651 105
8409 4955 106
4651 3268 144
3268 4969 111
4651 6328 146
8175 9630 153
6612 4450 186
4450 406 18
230 2277 192
7966 1178 207
1178 672 30
8835 2324 207
2855 2436 207
7323 2670 207
2670 4322 109
4322 3551 63
4322 7632 117
6587 3526 207
6057 4120 207
3738 4353 207
4353 4451 45
4451 466 194
466 9327 110
466 1086 184
1086 2766 191
0 5256 207
5256 7730 61
5228 5538 207
5538 8872 68
7640 8229 207
4207 8485 207
8485 4830 11
4830 3031 94
3031 5294 124
5294 4863 71
5294 1139 94
1139 7331 193
7331 7537 58
7331 3848 106
7331 6864 167
7537 3837 169
6918 9194 207
5243 9657 207
9657 2284 44
2284 6991 146
1921 9797 207
9797 3048 8
6853 198 208
1958 450 208
450 4252 90
450 6909 114
4252 6267 168
6267 9725 25
9725 4394 100
4394 6963 160
6963 2909 41
2909 3408 29
3408 7191 44
6963 6676 46
6676 2135 32
6963 4034 94
2909 3208 128
4034 1177 158
1177 3391 23
6963 2769 162
2135 1677 194
2724 1247 208
1247 7349 14
7349 2641 150
7422 2259 208
1583 4245 208
4245 7055 9
29 5405 208
6833 5420 208
7364 5812 208
7582 5860 208
5860 4319 63
4319 2509 138
2509 7810 142
6744 6977 208
9174 8231 208
9749 369 209
369 120 153
120 1082 184
1082 7758 72
7758 8446 63
1082 992 182
8446 8896 198
8896 5133 25
5133 3277 51
5133 3496 94
8896 6912 124
6912 7074 103
3277 4742 183
4742 6781 46
992 1975 200
1975 5997 20
5997 6168 129
6168 2479 71
2479 6095 14
6168 3126 74
3126 3309 88
3309 5260 74
6168 3847 125
3847 926 78
926 8643 36
8643 6761 6
8643 7223 34
7223 3456 119
3456 9978 22
3309 9977 126
6168 5828 141
5828 8405 130
8405 9367 81
9367 1721 40
1721 9275 12
9275 2602 105
9367 6544 144
6544 9915 72
9915 1195 57
1195 8929 16
8929 1349 87
1195 214 107
1975 2922 145
2922 5922 25
214 9089 146
9089 2591 109
2591 9237 89
9915 2618 149
6168 3053 158
3053 9892 21
3053 1638 24
3053 5593 49
3053 7559 57
9892 6779 83
6779 2356 42
3053 9248 96
9248 9132 51
3053 9529 108
1638 8607 109
9892 6731 124
6731 3255 85
6779 4550 135
4550 1692 63
9132 9820 135
6731 5912 142
9132 7494 142
7494 3984 32
2356 5376 157
6544 1315 169
1315 6420 92
6420 7073 53
8607 3476 170
2479 5643 173
9248 3648 177
3648 5932 52
5932 3997 120
3997 261 3
261 1882 38
1721 174 180
174 651 117
651 34 107
34 445 129
445 191 46
2618 9916 180
3126 9139 191
2618 2194 200
445 4834 202
214 239 204
5922 4867 204
6168 7748 204
7494 2255 205
2255 8131 75
2255 9098 165
2255 8619 184
3984 5826 207
5826 4925 190
2602 5337 208
2417 1099 209
1099 8620 133
8620 3446 16
8620 7415 66
1099 3571 178
7415 3353 182
3353 1961 62
1961 3719 2
3719 7251 14
3719 6077 151
6077 3726 63
3726 7290 37
3446 7807 184
7807 8344 66
8344 9979 46
8344 5439 72
9979 6346 135
7415 3958 207
3958 7856 82
7856 2622 121
3347 1647 209
1647 4631 154
4631 4141 20
4141 9546 105
4631 5445 163
1630 1989 209
1989 9172 45
9172 4766 84
1989 4444 96
4444 4988 1
4988 1680 19
4444 3792 24
4477 2783 209
8675 4161 209
9977 4201 209
4201 2253 162
2253 3475 81
3475 3509 146
4201 1115 172
8531 4371 209
4371 3234 63
3234 2344 170
1200 5165 209
5165 7050 163
7050 8670 101
7050 4738 110
5165 5381 176
5381 1255 71
1255 6812 81
5381 2546 96
2546 4879 63
1255 2996 101
1255 6976 123
6976 3372 10
5165 5749 177
803 5166 209
6336 6358 209
1055 6974 209
729 7168 209
7168 4175 193
2665 8280 209
7139 8725 209
8725 6944 24
8276 9156 209
1861 1335 210
1335 9846 171
1335 8382 186
8382 256 142
5088 2610 210
2610 6014 73
9517 4313 210
4313 8246 115
1887 4480 210
9423 5804 210
5804 6563 5
6563 458 96
458 9598 107
6101 5994 210
1569 6568 210
6568 9763 6
9763 4954 205
4954 3606 47
3606 947 77
3606 9608 108
217 6713 210
6713 9200 202
4771 7094 210
7094 3927 109
3927 8945 194
5733 8757 210
8757 4885 173
4885 6076 58
6076 2082 52
2082 9474 65
2082 6530 123
6530 8196 18
9474 4488 165
4488 1112 154
6530 5907 174
5907 4011 93
4011 9478 111
1037 9672 210
9672 3757 41
9672 7492 50
3526 1622 211
1622 3039 20
1622 2151 72
2151 8774 16
2151 967 40
8774 3363 107
8774 9483 127
9483 9987 34
1703 2036 211
2036 3103 44
341 3412 211
3412 9504 37
3412 7886 135
195 3591 211
512 4848 211
4848 457 14
4848 8692 71
8692 2463 132
2463 5251 34
5251 6611 11
4848 1952 150
1952 2872 50
2872 3950 49
3950 7670 58
3950 7062 97
7062 7162 72
7670 5102 145
9335 6029 211
6029 7557 32
6029 1156 105
412 6480 211
6612 7241 211
7241 9943 66
7484 8251 211
8126 8457 211
8457 5161 26
8457 3046 173
3046 3966 107
3966 5862 120
5862 7578 58
7578 8337 11
5862 5904 91
5904 8213 57
3046 8083 140
8083 8088 67
8083 5740 79
8083 9224 116
9224 7710 160
3966 5626 161
5626 5488 103
5904 9171 172
3046 7101 183
8088 863 185
863 7178 40
7578 8736 202
9224 3626 205
3626 6936 28
6936 9343 20
9343 6890 177
6890 8886 92
6890 4393 172
4393 8153 101
8457 7205 210
6853 9236 211
3200 9605 211
2414 760 212
760 6622 106
6622 6443 6
6443 5517 166
5517 782 21
782 152 47
782 7797 130
760 3785 211
3785 1947 56
3785 9617 122
9617 551 77
551 7959 42
7959 5678 59
5678 3938 42
3938 4929 6
3938 266 76
9617 4992 86
266 3974 123
3974 4441 29
3974 3008 96
4441 1997 107
3008 4721 107
4441 1321 114
3938 2086 139
7959 8143 149
8143 9322 51
9322 6445 151
6445 2061 98
1997 9460 159
9617 9538 159
3938 9282 175
9617 1929 191
1929 9530 164
9530 3119 53
3119 3902 28
3902 6942 158
6942 210 171
3119 8392 178
8392 8479 155
6942 9347 197
9347 5969 116
5969 759 170
6445 3319 208
6133 1355 212
1355 7287 47
7287 9487 76
1355 3658 137
1223 2520 212
9637 4539 212
4539 9985 39
9985 4821 201
5312 6921 212
6684 7531 212
7531 1266 181
1266 2964 196
2964 8763 3
2964 6509 46
6509 1137 158
8763 8370 184
8370 6407 95
6407 2006 24
2006 3427 119
3427 7771 15
3427 5443 60
1238 7801 212
6337 8743 212
5701 526 213
7485 1265 213
1265 1235 88
1265 930 92
930 7462 40
7462 5868 158
7462 9337 195
5940 1323 213
1323 180 7
1323 7729 102
9955 1917 213
4050 2215 213
4442 2782 213
5510 3599 213
7191 4329 213
4329 1508 54
357 5890 213
9780 6183 213
6183 9412 127
9412 6766 26
6183 7390 159
9412 3432 195
2852 7503 213
7503 9578 191
9578 7337 83
7337 9556 97
9556 8475 60
9578 5363 156
5363 5335 39
7559 7747 213
8395 7993 213
7993 3914 69
3914 2749 77
2749 1205 85
1205 1146 35
3914 5852 93
5852 3105 48
7993 9263 143
3105 8901 198
2749 1075 199
1075 2608 184
182 8134 213
8446 8288 213
482 9376 213
4903 9499 213
9499 8800 55
9499 7083 56
1194 9891 213
9108 409 214
1663 650 214
650 2139 27
2139 571 71
650 3112 125
3112 6243 95
571 6548 136
6548 1702 49
3112 1605 151
1605 8937 25
8937 4435 63
4435 5392 8
4435 8598 44
8937 5210 149
6548 2631 177
3112 707 186
8778 1763 214
1763 631 142
631 8738 25
6440 1776 214
1776 8785 48
8785 5858 167
3526 1922 214
1922 7866 10
1922 7939 91
1922 1837 92
7939 4140 131
7106 2421 214
4034 3076 214
2139 3129 214
3129 5895 163
5895 8077 35
1950 3931 214
8828 4348 214
4348 4053 65
4053 9585 82
9585 2485 100
4348 3742 149
2964 5141 214
3941 5574 214
2630 5773 214
5773 5928 157
5928 3698 146
639 6064 214
6064 2874 44
2874 4277 163
8062 6904 214
6210 9667 214
9667 2209 55
2209 8437 209
3290 619 215
2 1096 215
1096 4155 44
1096 2462 184
2462 5045 24
365 2152 215
2152 7645 66
7645 2013 56
7645 6236 93
2013 5185 136
5185 740 98
7645 2308 140
7645 1700 191
3951 3704 215
9107 3873 215
9193 3956 215
3956 2966 10
3956 5399 25
5399 7770 122
2966 7685 164
4967 4882 215
4882 164 51
5165 5865 215
6820 6412 215
5310 7034 215
7796 7586 215
7586 4611 66
4611 1969 31
1969 8716 104
7586 9536 147
9536 6949 22
6949 4852 103
9536 92 147
92 7314 27
92 2291 40
2291 2042 86
2042 3007 47
7314 8363 93
8363 4214 89
4214 9206 31
9206 4495 31
4495 7263 113
92 1599 148
2291 91 162
91 1331 39
7586 269 201
269 965 100
4261 7874 215
7076 8591 215
4187 9621 215
9621 3195 73
9621 806 128
806 690 47
690 1000 11
1000 9850 117
9850 9873 167
9621 2335 187
2335 2991 69
2991 514 17
2335 577 159
514 7467 174
7467 4327 109
4327 8526 7
8526 3736 145
3736 8915 116
7467 1709 176
1709 2503 24
1709 6492 94
2503 2567 140
2567 2007 132
7467 5699 180
5699 9613 55
9613 6999 47
6999 5660 22
1709 2279 182
9621 8299 194
8299 465 187
5699 750 197
1153 9845 215
5529 418 216
418 2484 139
2484 9933 51
2484 4778 88
418 1268 154
9933 4059 169
4059 4804 42
4778 8453 176
8453 3349 49
8453 7460 140
3349 8261 175
8261 8656 156
8656 2363 110
2363 6616 113
2363 5151 201
9933 2342 213
2342 5254 127
5254 6166 177
5254 3314 208
2303 636 216
636 8823 46
636 5775 157
2298 801 216
801 4296 114
406 1497 216
1497 8451 81
1497 2893 89
4966 1808 216
145 2201 216
1475 2807 216
2807 4019 28
2807 747 68
2807 2876 77
2876 7973 145
7973 5396 38
747 7216 169
2807 7741 177
8316 2866 216
9490 5246 216
5246 362 20
5246 4494 196
4494 4013 133
5144 5752 216
5752 742 38
5752 265 196
265 2028 139
265 5233 139
265 2432 144
2432 2384 145
2384 5306 11
2384 7378 139
2432 9772 178
3782 7833 216
7308 8788 216
8788 630 206
630 3743 203
3743 8845 46
7502 9320 216
9320 2024 124
2024 1634 201
1634 9510 167
9510 2261 153
2261 6809 50
2261 4772 100
6809 2394 114
9510 6955 175
4772 2837 204
2837 4340 94
2837 4427 195
860 818 217
818 9411 132
9411 7609 75
9411 7470 157
818 798 158
818 3780 164
7470 1136 193
798 5397 195
5397 7001 168
1136 1755 198
1755 2629 54
2629 1652 138
798 7793 198
7793 8108 152
8108 3362 215
3362 3447 98
3447 4259 68
3447 1572 132
1572 3373 36
5793 2355 217
2355 4325 162
4358 2489 217
2489 6661 77
2489 4423 100
9283 4838 217
6010 5147 217
5147 9033 92
9033 4956 181
4230 6268 217
6268 8865 185
8907 6567 217
6567 4686 121
4686 8015 114
7662 6577 217
2876 7389 217
4963 8303 217
8303 6034 159
6621 8694 217
1883 9097 217
9097 6979 6
8677 9461 217
9461 2804 168
2804 6405 178
6405 1722 142
6405 9606 194
9606 6011 10
4658 454 218
2127 1208 218
3798 1292 218
1427 1437 218
1437 4375 74
1964 1526 218
8907 1829 218
7586 2550 218
2550 2697 146
1190 3633 218
3633 7716 80
7716 6780 1
6780 4622 114
4622 7322 45
7716 1376 155
2150 7570 218
7570 4619 175
4619 4895 58
4895 5869 83
2952 7667 218
8346 9131 218
6991 9484 218
8289 186 219
186 7605 14
186 4522 101
4522 6967 69
4522 1401 111
1401 4844 212
4844 7104 36
7104 9247 49
7104 4109 70
9025 560 219
560 6007 19
6007 8356 103
560 7123 216
7123 7004 119
7893 1738 219
1738 4493 112
1439 2329 219
1822 2438 219
2161 3855 219
3855 6185 200
6185 1453 113
1453 5530 118
6185 7220 215
9625 4342 219
5165 4868 219
4933 7233 219
3322 7257 219
5088 7738 219
7738 8880 172
8880 179 113
179 5689 91
8966 8154 219
1428 8198 219
2514 8226 219
8226 1873 82
4925 9219 219
9219 8486 140
8486 5098 202
7390 224 220
75 319 220
458 664 220
6039 749 220
2277 1550 220
3732 1779 220
1779 2522 80
487 1926 220
1926 3561 166
350 2213 220
575 3102 220
2198 3722 220
7389 4142 220
4142 422 69
422 6998 138
6998 618 91
618 1092 41
618 9607 58
422 7068 166
458 4657 220
4657 3640 29
3640 9710 97
9710 6802 36
6802 7825 67
7825 6200 141
6200 9334 107
4657 82 181
82 391 132
391 438 7
391 1496 186
1496 9855 23
3640 8817 217
9173 6791 220
6791 7919 20
7919 6969 20
6791 8025 123
7919 5189 165
8025 8422 171
8025 6449 176
6449 6956 114
6449 3260 155
3260 6202 107
6449 7318 173
684 7556 220
0 7972 220
7972 7780 103
7972 5476 132
5476 790 56
5476 3975 126
3715 8159 220
8159 4233 176
4233 2532 23
892 555 221
555 8967 144
6909 875 221
875 6308 59
875 8294 98
911 971 221
8583 1015 221
4120 2721 221
2721 4400 16
7423 2799 221
2799 1057 188
2799 540 194
540 7891 16
540 52 96
540 9329 181
9329 2917 181
9329 8530 189
1132 3094 221
8108 3251 221
3251 8831 173
4161 5000 221
5000 9897 9
5000 2067 40
2067 9408 93
9408 5592 102
9897 4376 133
9897 7838 195
7838 6665 88
9408 9213 197
9213 4696 203
4696 3331 181
3331 8287 156
8287 2354 193
2354 6098 84
8797 5050 221
7669 5636 221
1883 5666 221
5468 6613 221
5235 6794 221
221 6797 221
6797 2413 111
2413 3455 113
3455 3770 11
6949 8505 221
8505 616 43
616 4341 64
4341 7475 40
7475 8104 13
4341 8188 88
8188 5927 66
8505 2734 104
2734 849 87
849 4980 73
849 4054 142
4054 1894 51
1894 2840 29
849 962 146
849 370 154
370 724 8
370 5042 20
1894 9788 172
9788 2750 74
724 1018 174
1018 3375 43
1018 9344 151
724 1539 183
9665 9231 221
1053 9454 221
1034 2281 222
2281 1051 222
1051 133 172
133 7450 212
7450 1901 7
1051 4982 219
4982 8425 14
4982 8253 91
4982 1820 184
3305 2508 222
2261 3923 222
2788 4639 222
962 4945 222
4945 1176 48
1176 6137 101
9840 6486 222
3252 6793 222
6793 8824 179
7194 6884 222
7984 7148 222
6011 7952 222
7952 9135 70
881 8163 222
7919 9913 222
9913 6087 37
6087 9904 140
9913 4406 153
4406 6271 71
9904 6957 167
6087 562 174
562 7458 184
7458 2226 40
2226 5157 193
6957 2142 198
2226 6363 214
6363 4506 112
7716 891 223
3129 2088 223
9343 2114 223
2114 8597 28
2114 2529 155
2529 3329 161
1990 3607 223
3607 1673 30
3607 4768 158
4043 4732 223
4732 262 18
262 1276 24
262 3025 43
1276 6331 64
3025 2556 102
4732 4387 223
4387 7017 89
4387 2214 114
7017 4994 150
4994 9100 82
3361 4923 223
6256 6052 223
4371 6279 223
7388 6390 223
6390 2181 215
8050 7614 223
1857 7837 223
7837 3662 91
2542 8232 223
4693 752 224
4233 3115 224
3115 41 202
41 6756 56
6756 9854 37
41 5112 141
5112 7633 58
7633 8466 58
7633 8112 70
6756 585 179
585 2486 180
2486 1025 45
1025 8628 5
8628 9129 64
2486 2711 87
1025 393 122
8628 3751 171
3751 8093 88
6756 3209 211
4755 3181 224
3181 6435 27
3181 5031 53
5031 9476 69
3181 238 152
238 7934 45
5031 9463 164
4249 4287 224
205 4366 224
3090 5328 224
5832 6893 224
8919 7413 224
1745 8979 224
8979 7472 10
7673 9363 224
9363 6208 31
9922 9439 224
846 9699 224
9699 6383 84
6383 7449 129
8831 1570 225
4746 2437 225
2437 5104 92
5104 1689 71
2437 3486 196
2210 3201 225
3201 4776 8
3201 9610 24
9610 4689 27
4689 917 37
9610 2980 105
9610 4806 129
4806 2818 41
917 8977 211
8977 4961 67
8977 8096 192
8096 9523 98
61 3494 225
6813 3578 225
3578 2510 95
2510 5242 219
9854 3579 225
9616 4497 225
1837 4877 225
4877 2195 143
2195 1284 50
2195 4292 210
4292 7799 128
7799 2814 142
5341 4999 225
6064 7439 225
7439 9622 138
9622 4206 9
7439 1165 166
4206 8748 208
4039 7536 225
7536 7448 177
8449 8180 225
2420 8315 225
8315 9217 211
5982 8444 225
6480 8587 225
9112 8850 225
8850 2797 63
2797 7159 146
7159 9421 223
8844 8972 225
6837 9242 225
9242 9890 5
9890 1635 98
7483 9305 225
9314 9573 225
9573 1694 20
9980 9754 225
6246 1252 226
1252 7107 14
1252 2174 133
4905 1481 226
1481 2112 215
2112 4870 16
4870 7525 50
7525 3293 180
3293 1683 164
1683 6055 1
8475 1627 226
3090 1653 226
1653 7990 182
9576 2366 226
5531 2439 226
4053 3866 226
8901 3959 226
3959 2224 226
2179 5004 226
4669 5308 226
7196 6084 226
6084 1998 134
6084 8568 186
6084 7883 207
7883 1896 197
6084 1227 217
1227 2986 26
2986 8119 177
3742 6115 226
3676 6422 226
6422 7539 62
82 7211 226
6464 7490 226
7490 9233 222
9233 2790 201
2790 5800 84
5800 7024 112
2790 3355 123
3355 2075 139
8477 7985 226
7985 6673 139
6673 6459 166
558 8389 226
4058 9137 226
900 9392 226
6771 112 227
112 2212 117
2212 5272 158
5272 7295 129
7295 4655 86
4655 6722 10
8564 2720 227
8021 3237 227
9631 3275 227
9194 3327 227
7461 5320 227
5320 8362 149
8362 4390 221
4390 7380 40
4390 8842 69
4390 279 116
7380 9693 171
279 951 177
951 22 196
279 3756 213
6528 5738 227
5738 3670 111
3670 4431 178
4431 8708 13
3670 8404 197
8404 8220 213
8220 959 114
8220 6747 205
8220 1306 211
8277 6646 227
8277 7513 227
2413 7981 227
7981 7903 68
5838 9420 227
9420 9581 67
1243 308 228
308 53 107
308 2480 142
2480 3830 54
3830 4169 160
4169 9303 161
53 8320 211
8320 6670 114
6670 3171 18
3171 5211 63
5211 134 30
5211 2318 99
5211 8573 127
8573 8334 91
8334 5064 57
8334 30 162
8573 1021 169
30 7213 222
7213 5712 12
5712 2972 140
6670 9785 226
9785 106 133
106 8219 51
8219 5990 70
5990 1541 93
9785 3718 135
3718 6428 181
6428 6061 60
8219 8601 193
8601 559 187
8601 7998 197
7998 661 5
661 9138 53
661 1979 108
1979 6446 31
1979 1279 35
1279 6672 14
1979 3158 47
9138 5992 130
5992 2878 162
661 9973 170
1979 9680 182
1279 2418 222
2499 901 228
859 2607 228
2607 2175 181
1457 2811 228
6174 3572 228
3572 1795 91
1795 4234 91
4234 8327 52
4234 1847 88
4234 8533 97
8533 4774 8
3572 4750 126
4774 160 158
160 2047 96
3572 1072 174
1072 2918 165
2918 6173 99
160 8661 183
1072 7635 210
7635 244 55
7635 4943 144
8533 556 221
8405 4027 228
1252 4872 228
1910 5253 228
4895 5887 228
5887 5487 124
2678 6020 228
6020 3122 34
3122 3439 32
7765 6725 228
4630 7929 228
4478 8978 228
9293 9 229
9 6021 78
6021 9028 155
6021 9444 198
6021 3111 224
3111 206 133
206 476 2
476 1179 146
9251 975 229
975 3590 180
4662 1244 229
2974 1602 229
6212 2867 229
9072 3608 229
4664 5458 229
4502 7420 229
6521 7426 229
3178 8328 229
1853 349 230
349 5806 161
5806 9409 46
9409 7717 15
4207 678 230
678 6468 148
678 9834 174
9834 449 144
268 1135 230
1135 3823 10
9936 1166 230
1166 5073 85
1166 6078 92
3930 1216 230
9926 1380 230
1380 8841 1
1380 5053 57
5053 2729 24
2729 4974 1
2729 6091 184
3959 1766 230
3752 2022 230
6846 2132 230
9315 2739 230
2739 8805 6
2739 2958 224
775 2850 230
3551 2930 230
2930 3988 115
2930 5400 138
5400 56 208
56 944 13
56 1484 90
56 6354 146
56 7836 198
2930 8495 210
2312 3222 230
3222 6856 119
6856 8190 181
8190 338 207
2312 3223 230
3223 6438 20
2869 3540 230
3540 8899 54
578 4310 230
4310 7912 25
7729 4559 230
4248 5465 230
5465 9723 183
8743 5662 230
215 6398 230
434 6671 230
6671 4979 106
6671 5179 155
4979 8963 161
5179 9205 178
5179 5111 211
5111 7859 7
5111 8538 39
8538 6733 60
7859 3150 205
2946 6934 230
1763 7268 230
6062 8281 230
4255 9037 230
3268 9437 230
9437 6460 196
6460 9465 86
7686 9857 230
9857 3058 213
8883 184 231
184 4149 230
638 1228 231
9413 1579 231
1579 9825 55
9855 2029 231
8435 2570 231
5688 3389 231
7638 4159 231
125 4460 231
3233 5163 231
9219 5809 231
5809 2030 30
2030 1184 45
5809 8758 82
1184 7175 166
1184 9833 202
9833 4418 7
4418 5603 142
6307 6566 231
1515 6948 231
3886 7163 231
7163 4228 64
9144 8035 231
8035 7085 129
7085 10 81
5809 8490 231
8490 5653 87
8490 2306 113
2067 9560 231
171 227 232
6072 769 232
769 3657 160
3657 8582 109
8582 3286 162
8582 7892 180
7892 5146 149
5146 4835 102
5146 5638 198
4476 929 232
4852 1155 232
1155 3498 162
1155 8605 200
6466 1433 232
7005 1514 232
8899 2794 232
2794 7785 120
7785 3354 35
3354 4086 162
4086 4401 65
4086 3266 120
2544 3483 232
3483 6238 214
1887 3937 232
3527 4008 232
6766 4745 232
4745 2090 9
2090 7023 106
7023 4472 39
5596 5271 232
5271 1501 57
5038 5605 232
4234 5715 232
5715 3481 61
3481 5913 53
5913 8681 28
8681 6416 41
6416 6790 133
8681 2020 134
5913 2839 137
2839 2802 48
2802 7137 163
7137 6479 197
6479 5729 93
6479 9338 140
9338 9021 52
9021 3961 41
9021 6374 43
6374 2232 1
9338 9142 120
9338 4675 192
475 6863 232
6863 5056 221
4341 6892 232
9196 8330 232
918 8815 232
4904 8976 232
9803 9017 232
7811 9090 232
7703 9659 232
9659 586 128
7265 9798 232
9798 7061 57
3231 203 233
203 8402 179
1457 1407 233
1407 2639 214
242 1848 233
8201 2269 233
7578 2669 233
1972 3101 233
8623 3165 233
3165 3895 154
5112 5845 233
7221 6690 233
6690 5252 199
3231 7099 233
7099 126 24
3354 7561 233
6523 7943 233
7943 3230 94
7277 9735 233
5098 1338 234
1338 6199 133
6199 8731 42
2325 3084 234
3383 3967 234
3967 1076 24
3967 60 45
3967 4195 50
3967 2982 150
4195 2136 154
2136 9440 124
9440 3601 229
3601 4764 189
9440 3809 229
4126 3996 234
3996 5639 43
3996 8488 193
1920 4030 234
4030 207 225
207 2282 35
8431 4243 234
3274 5365 234
8527 5516 234
5516 7266 128
4574 6356 234
6356 2456 91
2456 4144 96
3065 6538 234
4346 6840 234
6840 3775 73
7866 7029 234
5531 7124 234
2673 7549 234
7549 7477 227
364 7693 234
1839 8121 234
8121 5761 47
4726 8420 234
8420 8821 102
8821 2777 158
9858 505 235
7962 907 235
907 1504 220
1504 7674 74
7674 2653 39
2653 2162 3
2162 5071 5
2162 7488 21
7488 2336 189
2162 1633 225
7674 8176 230
3413 1482 235
7776 1774 235
5551 2798 235
2798 2307 135
2307 4527 47
2307 1381 139
2954 2943 235
7557 3859 235
3859 8333 224
1139 4839 235
2877 7082 235
743 7284 235
7284 1461 96
7284 7495 139
9780 7624 235
9851 8270 235
8270 4514 194
8466 8318 235
8318 7471 2
8318 5609 42
227 8668 235
8668 4601 103
8668 3664 132
3664 3188 91
4022 9030 235
5118 9073 235
3456 32 236
32 2796 198
32 5914 213
2578 101 236
8533 107 236
107 8959 187
9498 811 236
8468 2183 236
2183 8149 15
8895 2334 236
6517 2728 236
9265 3047 236
3322 3857 236
3857 8712 72
8730 3871 236
1618 4635 236
9079 4787 236
608 4813 236
5465 5028 236
5028 920 3
9282 7759 236
483 8375 236
8375 7593 35
4879 9434 236
9101 9528 236
9528 9662 142
9662 3296 202
5137 197 237
197 7035 193
7035 9281 57
7035 5197 118
5554 1142 237
1142 9034 94
9034 6297 147
6297 8027 144
806 1686 237
6271 1821 237
1348 1841 237
6939 1844 237
1504 3547 237
3547 7383 117
4517 3659 237
3659 4475 75
4475 8218 17
3561 5637 237
2829 6935 237
8798 6970 237
9248 7625 237
7625 1613 1
6996 8305 237
8305 324 111
8778 8364 237
8364 4199 167
4199 6696 94
8364 37 213
1040 8586 237
5805 9401 237
9401 6878 231
4100 1790 238
269 2157 238
2157 2410 150
2157 3915 180
3459 2646 238
8721 3338 238
3338 9280 133
9280 4729 143
4729 4561 157
9280 5299 212
5299 382 179
4643 4217 238
4217 7496 134
5596 4421 238
4421 5240 233
991 4489 238
4489 1342 103
2344 4600 238
2209 4847 238
4847 8017 125
3924 5063 238
5788 6235 238
6235 4717 78
4717 5682 4
4717 3227 136
5649 7621 238
7621 3853 36
3570 8416 238
8416 4499 2
5971 8447 238
8447 1758 186
7994 8512 238
133 9020 238
5533 9415 238
9415 5892 156
3878 9535 238
2529 36 239
36 9962 25
36 9507 148
9507 9277 203
2976 530 239
5834 647 239
647 4338 107
647 1783 157
1783 8306 5
1783 8269 10
8269 1309 69
8306 8018 147
8018 872 129
1783 8706 177
1223 810 239
2591 1062 239
4353 1144 239
1144 6858 42
1144 1918 183
1245 1816 239
7746 3566 239
3566 6111 163
1700 3949 239
1658 4066 239
4066 1213 109
5913 4378 239
4378 1930 62
1930 2926 98
4378 1655 217
1655 5690 225
4749 5817 239
8391 6090 239
6090 563 106
6090 1383 161
9499 6270 239
8131 6455 239
2783 7660 239
7660 8549 216
8549 5599 37
8549 4268 142
1305 8127 239
8127 5266 4
5266 1780 212
1941 9235 239
6393 9839 239
9919 9852 239
6365 372 240
372 7926 49
372 2642 166
7926 3906 232
4841 1388 240
1388 8626 86
8626 6044 44
8626 6736 56
8626 3199 59
1388 4796 112
4796 1260 8
6736 1606 116
8626 6088 140
1388 5329 164
6044 4551 182
1260 8110 192
6088 1377 197
1377 5753 85
8110 5730 199
5730 1885 78
1885 8764 172
345 4569 240
4569 7705 210
9306 4588 240
4588 2407 1
6052 6644 240
6644 7249 38
7249 5034 25
5034 1111 61
1111 2844 69
2844 9579 64
9579 6130 24
7249 8868 133
2999 7345 240
7345 3078 214
7265 7680 240
7680 2676 25
9142 8233 240
8233 3681 212
2179 519 241
5858 598 241
6929 953 241
5555 1242 241
7286 1938 241
1938 6403 36
1938 6041 171
4990 2477 241
697 2663 241
4120 4524 241
4341 5406 241
5406 1610 154
1610 1032 7
1610 6529 92
1610 17 128
17 80 165
80 5108 60
5108 3788 12
3788 7626 44
7626 7177 78
7177 9738 169
9738 271 122
5108 7607 221
1032 7655 231
5240 6718 241
6718 4645 131
4645 1416 80
4188 7543 241
9303 1073 242
1229 1490 242
9146 3011 242
1562 4091 242
4091 395 74
4091 7070 167
395 3548 215
3548 439 156
5634 4439 242
4439 2702 1
2702 654 25
4439 9053 235
9053 7049 195
7049 5017 70
9053 9102 225
5054 4469 242
2313 4819 242
9329 5140 242
5140 5798 174
5798 4413 65
5798 3682 147
3682 1554 98
1554 5579 101
4413 6663 181
6663 4532 13
5140 3960 188
3960 9940 40
9940 942 6
3960 9220 75
5579 8735 191
6663 6988 199
6988 2031 11
2031 5172 121
6988 8441 209
8441 2572 11
2572 1404 33
1404 275 152
942 3720 222
3720 2457 128
2457 6092 189
2572 2147 227
2147 9724 91
3636 6883 242
6883 2220 17
6883 566 200
566 6389 142
566 1927 189
7415 7499 242
8703 7530 242
2578 8501 242
8501 2097 8
8501 2892 192
2882 8740 242
8740 1371 220
1371 3032 189
9394 9813 242
8190 785 243
785 2827 107
785 4311 220
4311 2441 171
3101 1064 243
1064 3143 115
3143 4103 217
4103 1259 45
5976 1442 243
1442 8061 42
8061 3767 83
5914 2004 243
2004 4659 32
2004 9147 63
2004 9737 80
9147 7828 198
1917 2541 243
2541 2053 184
2053 7773 16
9631 2587 243
2587 8879 193
2587 1470 200
8976 3763 243
3763 6477 174
2719 4107 243
4107 819 183
819 2225 195
2225 3464 126
526 4711 243
9504 4940 243
7351 5419 243
5419 8390 226
997 6312 243
6312 8054 175
5936 6634 243
2304 6711 243
949 838 244
1463 1340 244
1340 8996 35
7310 1366 244
1366 6380 223
2445 2349 244
2349 1778 60
2349 8264 143
5338 3679 244
3391 3998 244
3998 9997 21
9997 7278 229
2611 4908 244
5660 5187 244
6320 5225 244
5225 968 108
968 9847 43
5225 6188 126
6188 5479 93
968 2476 232
2476 1232 94
1232 2795 59
1232 7554 199
7554 9704 228
2022 5448 244
5533 5762 244
5762 6503 241
7990 6647 244
6647 8631 1
8631 6702 135
6702 5774 170
3571 7171 244
7171 9179 219
9179 6579 99
6579 4102 43
4102 7701 165
7701 5600 92
4102 6746 182
6746 9842 85
8700 7247 244
6934 7960 244
6797 8091 244
6308 8235 244
9914 8440 244
8440 6139 64
6139 4170 54
4170 1505 16
4170 5894 162
5738 8594 244
8594 2494 112
2051 8751 244
8751 7695 132
7695 7141 68
7141 9261 77
7141 2276 157
2276 4012 1
3439 8889 244
7177 8911 244
5855 607 245
607 5900 210
7433 956 245
5712 1747 245
2233 2732 245
2732 5926 161
4259 2921 245
2921 2890 15
2890 424 13
2890 633 36
2921 781 179
781 9937 119
9937 9015 157
9937 1003 160
7341 3342 245
2635 3440 245
5577 3800 245
950 6674 245
1597 6686 245
6686 6131 82
6131 6421 181
8197 7442 245
2019 8728 245
8728 9664 151
280 1693 246
1693 702 42
702 6902 55
1693 4024 137
4024 8374 140
702 1981 211
1981 9221 207
9221 2523 238
2968 1928 246
1928 6547 92
6547 1707 69
1928 1624 164
1624 3589 140
3589 1804 178
1707 8737 220
7549 2283 246
1785 4704 246
1133 5480 246
16 6102 246
6133 7092 246
5406 7976 246
3620 8139 246
8656 8545 246
2723 9493 246
315 9520 246
9520 1695 168
9892 421 247
6131 1800 247
1800 4153 16
1800 3394 32
3394 7610 64
7610 1499 44
3394 2244 125
1499 9708 180
9708 9212 37
4153 8862 185
9708 3555 232
9708 7217 239
4385 1879 247
7511 4202 247
7964 4403 247
1152 5076 247
3956 5641 247
5641 4897 91
2076 5754 247
9613 6430 247
1475 6525 247
5026 6685 247
4286 7623 247
9465 7832 247
3535 8024 247
8024 8371 56
7553 8810 247
8810 8982 141
8982 5270 66
5270 7253 50
5270 3841 153
3841 4568 76
3841 168 238
3841 7868 247
7868 9187 233
8638 8940 247
8940 682 125
8940 6562 236
6562 6924 83
6562 5362 235
398 9136 247
9136 44 160
44 1967 70
1967 3471 143
3471 3970 143
3970 4508 8
1967 8353 178
1967 6908 229
6908 5097 105
7055 9623 247
9623 2654 63
2654 2875 17
9623 9312 128
9312 4871 9
9312 410 44
4871 3183 79
3183 2674 44
3183 8427 49
8427 7646 32
8427 7132 188
3183 447 215
1333 9716 247
1426 9864 247
7771 730 248
8028 1500 248
2349 1884 248
9392 2331 248
7017 3004 248
3004 6048 133
6048 2048 19
9377 4924 248
4924 683 22
1929 5046 248
5222 5117 248
7901 5323 248
3572 6027 248
4819 7077 248
9360 8242 248
4690 9296 248
5678 9373 248
2840 9375 248
9375 7156 60
2457 9792 248
1170 9945 248
979 9992 248
9992 4417 227
3360 1059 249
1059 6796 124
2798 2205 249
2205 3856 140
859 3982 249
1921 5407 249
5407 3943 170
3814 5853 249
5853 6931 102
6931 5658 76
6931 5207 200
5658 4605 214
4605 7862 22
1080 6104 249
1630 7002 249
7002 3818 103
3818 9568 37
9568 8707 46
7002 6370 158
6370 3450 131
3450 4111 63
4645 9291 249
8295 9374 249
9374 1483 7
1483 9564 121
9564 2755 38
5848 9526 249
292 9720 249
8964 90 250
4742 113 250
7001 129 250
129 1296 95
129 5957 104
8915 246 250
246 3507 45
3507 5194 53
3507 3288 147
3288 3197 171
3288 6966 213
7132 542 250
542 3306 21
2866 1493 250
2922 2049 250
2049 7321 202
7321 1049 84
1049 1714 78
1714 969 56
969 1534 109
1534 2263 20
2263 9660 10
1714 5898 204
5898 9188 6
5898 8443 138
2263 4798 249
4798 1491 155
575 2295 250
2295 4714 137
2295 2576 240
2486 2386 250
2386 2566 69
2566 6783 142
6783 3235 70
3235 3469 149
8366 3292 250
3292 1020 112
5394 4237 250
4237 5055 69
9536 4397 250
8937 4910 250
4910 5818 18
9216 6234 250
6234 3623 59
6234 5159 198
5159 7611 62
7611 3000 3
3000 2963 4
2963 9814 19
2963 236 99
3000 4637 162
3191 7535 250
638 7550 250
1020 9184 250
9184 5414 50
9184 6801 55
457 9647 250
9647 3696 117
4370 51 251
51 4437 48
4437 6000 72
6000 9988 19
6000 8182 84
51 1215 129
1215 3586 31
3586 8682 68
8182 6907 150
6907 4733 96
8182 9397 150
4733 8432 168
8432 1400 186
8432 4811 196
3586 4303 211
6000 2148 240
7927 137 251
9484 515 251
515 1356 49
1356 653 144
653 5216 193
212 524 251
6367 1826 251
5252 3114 251
6871 4773 251
5699 5201 251
5201 2472 141
6229 6816 251
4631 7043 251
7043 1642 93
1642 6128 200
6128 8022 239
8022 4125 33
9205 7504 251
7504 1674 57
1674 6423 4
6423 8461 11
7504 4446 150
1674 4754 214
4782 7947 251
7947 6141 173
6141 6404 86
7849 8092 251
8092 3159 79
3159 8283 108
8283 3066 219
3066 4356 124
4356 1473 21
4356 6666 226
8092 1174 233
8092 9649 247
9649 9935 34
9846 8517 251
8517 2563 80
3846 8610 251
8610 9769 27
8610 225 228
2188 9259 251
9259 5893 37
9259 6146 67
9259 3465 105
6146 2973 180
2973 8551 110
6146 7978 250
7978 5669 18
5669 5044 251
5044 1390 96
1390 1513 46
1513 1902 9
1902 6066 100
6066 8263 176
1902 2559 251
2559 7014 46
881 794 252
794 5082 25
195 954 252
954 7368 128
3707 1167 252
5814 1629 252
8876 2278 252
2278 541 243
541 4154 18
5097 4716 252
4588 4735 252
4735 7230 111
7230 430 98
7230 305 154
7230 7690 208
305 6795 243
6795 5685 16
5685 8293 137
6795 9831 190
9831 9522 40
3583 5061 252
3285 5630 252
5630 7721 7
5630 9557 135
9140 5691 252
5691 9414 41
9414 9155 165
4242 5974 252
3498 7218 252
7218 925 181
4816 8359 252
8359 7870 198
4474 2455 253
6370 3308 253
115 4090 253
4090 2990 169
9333 4167 253
4167 9099 154
6934 4997 253
3611 5870 253
5870 8639 140
5870 7719 212
7719 9154 53
7719 8637 84
7719 6847 180
8637 4761 202
4761 5889 37
8639 1187 213
6847 33 229
33 7579 235
7078 6471 253
6471 1330 40
1347 6513 253
6513 7210 14
6513 6882 239
6783 7042 253
7042 9592 207
445 7066 253
7066 9646 119
7579 7742 253
2184 8948 253
9591 9370 253
6300 9470 253
4202 708 254
8906 994 254
61 2133 254
3486 2406 254
2406 228 147
228 7941 246
3382 2959 254
3117 3128 254
3128 7649 68
8314 3157 254
1331 3712 254
4293 4415 254
3624 4898 254
6895 5089 254
5089 506 16
4727 5249 254
5249 9307 165
182 6196 254
7130 6310 254
9564 6414 254
3680 6439 254
6439 4189 176
4189 6691 167
6439 2064 217
6439 2793 218
4189 5224 243
7265 7445 254
7445 8909 99
8909 5069 21
8909 5281 60
5069 1005 61
5069 4224 152
1005 773 236
773 9513 57
9513 5911 8
773 5847 90
5847 3810 143
3810 4678 185
773 6160 245
6160 9162 78
5069 2373 247
2797 7865 254
7621 7909 254
7909 5519 155
5519 864 72
8707 8174 254
6672 8279 254
8279 6118 27
8279 6712 134
8828 9192 254
3770 1621 255
3586 1664 255
1664 5698 96
5698 5057 119
5057 1739 179
1664 7702 198
7702 3741 219
3741 7409 166
8646 2667 255
736 2785 255
948 5569 255
5927 5672 255
282 6006 255
9201 6627 255
5384 6639 255
6784 6698 255
6698 9836 161
9836 3876 172
6846 7109 255
410 7128 255
7128 3828 3
7128 6803 102
3315 7431 255
5026 7723 255
7609 8843 255
8843 1903 48
1903 3431 75
5849 8941 255
8941 1091 33
8941 3186 46
1091 7064 209
8684 9116 255
9116 9889 163
4096 428 256
428 513 124
513 827 160
827 8993 140
827 6329 193
6329 8795 52
827 3962 214
3962 4829 229
785 2193 256
4167 2471 256
2471 4016 176
4016 3625 35
3625 6657 172
6657 9396 5
3625 9253 251
9253 7476 11
7476 54 99
7476 4653 121
4653 7199 98
7199 73 242
73 334 39
73 5983 66
4653 1421 246
1804 2475 256
2475 5674 94
5674 5625 123
4102 2733 256
2733 5048 93
2733 3908 239
3908 1932 45
1932 568 101
1932 9765 118
3908 9942 133
9942 5145 126
5145 1761 175
1761 390 135
390 1536 219
1536 7405 14
7405 4388 58
7405 9008 242
211 4513 256
4513 6401 34
4730 5084 256
5084 4984 106
4984 9865 53
5084 3140 233
3140 4862 13
3140 8557 13
4862 9215 102
8557 8055 147
7992 5354 256
88 5417 256
5417 895 98
5334 6085 256
6085 1218 217
1218 1710 174
1710 1531 57
1531 1888 210
1888 1424 54
6085 5624 218
5624 2560 227
3861 7009 256
7773 9989 256
8467 527 257
3312 600 257
3058 880 257
6354 2360 257
5890 3239 257
3239 8666 158
8666 6112 100
8666 3096 196
3096 5781 42
3096 4857 67
3096 2600 72
5781 7311 174
4623 3378 257
3378 6302 134
4272 3834 257
8300 4324 257
7701 4875 257
4875 8548 217
8548 7595 115
7595 9383 119
7595 852 186
8548 8834 205
8834 5321 172
6466 5811 257
5811 4710 225
1556 7114 257
4662 7150 257
9276 7956 257
6445 8429 257
7771 8961 257
9932 9655 257
9655 3352 5
2710 9698 257
7162 9918 257
4270 1172 258
1172 5878 224
7633 1253 258
7719 1631 258
1631 974 234
974 7630 252
7630 43 132
8299 2128 258
2128 6591 23
2836 2227 258
5056 2492 258
2492 7671 41
2492 8508 214
3271 2742 258
4261 3734 258
3734 1286 7
1286 2287 130
1286 9402 219
7719 4525 258
4069 4788 258
90 5959 258
5959 8230 19
5959 5001 116
8846 6109 258
6109 4892 138
4892 8302 26
6109 1095 144
1095 9159 201
7211 7451 258
8062 8195 258
9733 9095 258
9880 1742 259
1742 452 54
2512 1809 259
3513 3387 259
8115 4226 259
3734 4827 259
948 5802 259
5802 63 77
8584 6516 259
6516 9349 205
9349 7231 240
7231 4364 199
4364 6361 19
4364 1141 193
1141 7946 35
6780 6782 259
6782 5883 29
5883 2377 31
5883 1849 133
1849 1031 65
1031 3849 50
1031 6962 116
3849 4127 123
4127 4558 136
4558 2584 199
2584 4950 233
4950 1 6
1 3954 214
2377 6628 237
6628 3316 218
1477 6968 259
6595 7603 259
7603 766 90
766 1396 188
1396 296 205
145 7822 259
2705 8833 259
8833 7800 103
6969 8912 259
800 9340 259
9857 173 260
173 6633 150
6633 8663 58
5670 955 260
955 5539 138
5539 4326 41
5539 484 103
484 779 97
484 8421 162
955 9681 213
4326 3772 223
3772 928 112
4037 995 260
2263 1070 260
5337 1880 260
1880 3776 120
3776 5300 113
2664 2002 260
7487 2387 260
5486 2730 260
2730 6582 36
2730 8433 109
8433 2217 6
8433 8881 49
2217 1544 185
5790 3205 260
1542 3883 260
4980 4792 260
7660 4946 260
4946 1394 14
1394 637 13
4946 1818 94
6328 5553 260
5553 3166 24
3166 5 41
5 9728 8
5553 9047 44
9047 18 238
1266 5988 260
5988 1769 203
1769 8462 32
1769 9117 163
9117 869 145
869 3492 59
3492 6585 35
3492 6295 117
869 6019 121
6019 8756 106
8756 1325 21
1769 9786 197
6019 7663 218
3492 4084 232
6852 6152 260
5569 6586 260
5878 7291 260
4179 7916 260
3342 8239 260
6913 8397 260
8495 8492 260
8492 3909 171
1989 8506 260
3724 9593 260
9593 9202 136
9202 9395 17
9202 9425 22
9395 4618 47
9395 9014 96
9395 3515 132
9425 757 211
9014 9309 248
4899 144 261
5957 290 261
290 5006 190
5006 3489 205
8210 867 261
9002 1601 261
3908 1645 261
3892 2172 261
2172 7997 147
7997 7264 75
7997 7533 119
7533 5265 237
5265 3071 221
3071 9685 94
9685 5160 152
5160 9426 16
9570 2182 261
9540 3075 261
3075 5077 124
9037 4176 261
4176 5173 38
9638 7648 261
2105 8094 261
9707 8555 261
8555 4445 226
8387 9022 261
5564 9429 261
2259 9702 261
4144 1625 262
9187 2204 262
1972 3637 262
3637 9848 194
9598 3832 262
1371 4163 262
4163 2525 103
388 4519 262
1371 5010 262
5010 3215 21
3215 4262 99
4262 3027 83
5010 7272 120
5010 3083 142
7272 3435 158
3215 8006 248
3027 9967 257
2161 5109 262
5109 1128 13
5109 2554 155
1128 1656 180
5230 7164 262
1650 8260 262
5076 8892 262
1978 9457 262
2678 2017 263
3906 2761 263
2761 5032 232
5032 9689 124
9689 2467 118
2467 7362 104
7362 876 124
9689 1472 231
3310 3786 263
8508 4810 263
9508 5081 263
5081 5570 189
2530 5962 263
3539 6037 263
6037 4377 9
6037 3116 24
3116 1923 108
907 7794 263
6428 7851 263
7851 7813 93
7813 5851 136
6561 9119 263
9119 8709 28
8709 5571 106
9119 9026 134
9026 6138 157
6871 9569 263
8556 1240 264
2107 2789 264
2789 9410 209
2789 3582 245
3582 1097 183
5531 3333 264
2690 3890 264
8197 5523 264
5523 2400 128
2400 7616 162
7616 8155 201
426 5652 264
5652 629 167
5652 7584 175
7584 7394 100
8880 5925 264
3775 6283 264
7311 6451 264
6451 9313 53
9313 1017 110
1017 7379 122
7379 552 69
6733 7601 264
7601 1576 14
6199 9325 264
9325 9586 215
9586 936 91
936 2170 4
936 1925 57
6364 204 265
5259 592 265
1083 615 265
1187 1088 265
1088 8796 166
8796 7979 120
8796 7809 124
7979 5687 250
9813 1090 265
4697 2469 265
7104 3087 265
9378 3874 265
6103 4443 265
4443 9931 203
7099 6067 265
6067 6213 131
2148 6186 265
4354 7067 265
8030 7226 265
9280 7786 265
7786 7750 24
7786 6981 60
7750 8696 118
6981 532 259
532 890 49
8868 7880 265
7880 5245 248
5245 5676 56
5676 9619 157
2947 8544 265
8544 4440 135
4140 9816 265
7355 283 266
7658 1301 266
1301 9550 157
9550 3442 55
3442 135 6
8621 2490 266
6350 3210 266
3210 5787 130
3464 3802 266
1623 4185 266
6865 4213 266
4213 4962 161
4962 9285 208
9285 2819 203
2819 1944 40
2819 6074 87
6074 6806 77
1944 7020 227
6934 4381 266
5548 4853 266
6591 5193 266
2820 5736 266
9075 6257 266
1178 6524 266
6524 6043 66
6043 4921 150
1826 7200 266
7200 3276 144
7200 7906 265
7906 1386 28
1386 7158 83
1386 7704 261
1284 7456 266
7456 7037 60
7037 3745 24
3745 2597 11
2597 3777 20
3777 9491 93
2597 3910 158
9491 6025 164
6025 8644 157
1624 8234 266
2230 622 267
4305 1214 267
1822 1318 267
7794 1538 267
7901 1801 267
4292 4006 267
4006 9054 6
4006 420 15
6062 4241 267
7945 5318 267
7061 6170 267
6170 2192 231
2192 9969 189
9969 1767 196
1767 1971 31
29 6272 267
6272 9730 154
3650 6692 267
8823 8542 267
8542 1886 79
1886 657 66
657 4953 28
657 3441 33
657 194 37
194 6203 143
4953 8679 210
6203 899 249
899 1675 133
899 3445 142
1675 1856 174
8679 9986 255
9986 7418 210
7418 202 133
7418 7692 234
6191 8936 267
8936 6554 258
9855 216 268
216 3351 37
216 4246 137
6689 778 268
778 883 204
9202 858 268
6113 984 268
9698 1577 268
5500 2738 268
1347 3403 268
3403 7258 200
1205 5012 268
5012 2146 57
6223 5905 268
9131 7562 268
8238 7777 268
7777 8808 29
7777 7371 86
8808 1787 255
1787 5482 105
5482 3258 121
5482 8455 135
8455 1782 252
4659 8818 268
8818 8403 130
8403 3257 71
5313 8890 268
5897 9013 268
6629 9701 268
9701 8869 202
8869 2637 213
7996 386 269
386 4701 155
6577 611 269
3013 1036 269
1036 9648 19
1036 2598 81
1036 8760 169
8760 7815 175
7815 6607 201
6607 9361 187
9361 2057 55
9361 3987 194
2598 9994 258
2205 1043 269
1043 8588 128
1043 8861 264
9725 1130 269
2992 1432 269
8230 2062 269
2062 584 55
2062 6151 103
9928 5350 269
7641 7887 269
9712 1127 270
1127 407 114
2520 1196 270
1196 3980 150
4597 1272 270
4962 1741 270
2678 1791 270
5971 1862 270
1862 1898 130
3337 1945 270
5203 2314 270
2314 8048 61
8048 9990 5
9990 9218 14
9990 108 160
8048 4526 165
9107 2340 270
558 2367 270
5091 3385 270
1754 3816 270
8414 4516 270
4516 9148 127
3603 5202 270
625 5257 270
5257 1122 137
5257 4407 220
3318 5297 270
5297 2589 188
2589 5789 102
2279 6778 270
8060 6995 270
5733 9260 270
4041 9317 270
457 9958 270
9958 9905 83
6328 1304 271
1304 4685 159
4685 6204 111
1342 2178 271
3554 2392 271
4288 2756 271
2756 7081 174
141 2978 271
6962 3397 271
2150 4238 271
2303 4501 271
57 5661 271
5661 3225 89
3225 6695 197
5661 8380 268
7153 6738 271
6738 6514 45
6514 2679 74
6738 7039 85
2679 7628 131
7628 3758 58
7833 7065 271
5533 7627 271
6821 7841 271
4996 8711 271
3644 9602 271
9602 5198 43
9939 9694 271
6939 86 272
86 3544 231
4172 270 272
4046 286 272
197 1431 272
1431 396 255
8564 1957 272
1957 6502 76
6502 786 68
786 6126 16
4167 2402 272
2402 6855 36
2402 2159 266
2159 8497 165
8497 2780 239
2780 7497 128
2780 5369 144
5369 6149 166
2780 5287 242
3906 3289 272
3406 3897 272
6016 5470 272
5470 351 257
9765 5527 272
5527 6142 19
5527 8258 124
6142 4632 261
1899 6124 272
3629 6501 272
6501 977 181
1707 6588 272
5496 7316 272
7306 8864 272
8864 6642 132
6642 5665 45
5665 9866 58
5665 9450 226
9450 8678 149
8678 5466 112
8041 8923 272
6749 9795 272
8451 62 273
6708 99 273
99 5171 253
5171 2040 153
8125 1955 273
1955 3418 67
3418 1362 188
5862 4129 273
4129 6927 93
4129 9756 195
9756 1302 12
1302 1891 172
1302 40 198
4129 1796 198
1796 534 176
534 1387 172
1387 7950 217
7950 5180 79
454 4606 273
4606 35 18
35 2932 47
8872 5020 273
5020 9065 51
3621 5697 273
5697 9663 21
5697 6441 230
9663 4826 242
5703 6850 273
5388 7236 273
7601 7580 273
7580 4223 55
3800 7731 273
7239 8768 273
4217 548 274
548 8082 16
548 2302 210
2302 9044 65
8726 884 274
1461 2154 274
1325 3703 274
2602 4117 274
4117 8791 120
4117 2652 229
2559 4881 274
4881 2070 55
4881 6431 63
6431 1690 102
1690 3812 42
7887 6075 274
7467 6638 274
6638 5956 37
5058 6822 274
1792 7192 274
2526 7791 274
7791 573 4
7791 3264 259
1868 8161 274
9182 8376 274
4569 8406 274
6567 8578 274
5317 8802 274
8802 681 13
8802 8345 262
8345 3345 222
3345 5995 157
261 9527 274
9527 7518 256
4294 9717 274
1700 200 275
200 5650 259
5650 496 268
6953 498 275
8350 793 275
8247 1209 275
3590 2317 275
2317 8014 88
2317 8772 167
2317 8616 248
946 3020 275
3020 397 220
7168 3929 275
6356 4515 275
4515 9006 14
9006 9757 208
9006 7455 227
2103 5379 275
5379 5816 237
5816 5041 200
5041 285 102
5816 287 244
4726 5791 275
3332 6026 275
6026 3433 130
9439 6704 275
6704 5975 30
5975 913 133
7994 7651 275
5253 7668 275
1356 7733 275
7733 9435 16
7466 7821 275
5034 8935 275
8935 6099 61
991 110 276
270 127 276
127 9577 14
9577 8379 28
1152 1803 276
9904 2118 276
2003 2843 276
332 3005 276
3005 2778 22
7037 4038 276
6998 4874 276
4874 327 216
327 3424 133
5341 5881 276
1352 6345 276
9194 6922 276
6922 9823 47
9823 9115 5
3230 8518 276
8518 5792 38
8518 1736 125
8266 9301 276
9423 9627 276
1385 9908 276
9814 66 277
66 8871 81
5628 1126 277
7473 1466 277
1466 6392 90
6392 7079 123
7079 9859 128
6392 3863 163
9859 3562 249
3562 8249 245
9859 5346 257
5346 7416 202
7416 7933 80
7416 2422 183
2422 2551 96
2551 8336 2
2422 3151 127
3151 1418 117
3151 2953 158
7933 685 192
685 6848 72
685 3646 146
685 9645 262
1130 2382 277
9973 3217 277
1991 5099 277
309 6739 277
8176 7105 277
7105 897 185
113 7885 277
7863 7995 277
7995 4315 56
4315 6770 146
2117 8686 277
8159 8922 277
8922 1134 202
1134 7725 149
3476 9051 277
9712 9489 277
7476 987 278
9432 1316 278
1331 1942 278
1942 8089 82
7445 3556 278
2241 5039 278
5039 3269 100
3269 865 43
4617 5631 278
5631 7846 92
8196 7923 278
3924 8296 278
466 9007 278
4014 9191 278
3001 9485 278
9485 9012 80
9012 9666 64
9485 4660 271
5826 9869 278
2875 121 279
6487 181 279
181 8273 23
181 6282 150
181 5456 156
181 2521 195
2521 6750 74
2521 5888 222
9101 646 279
9267 2545 279
600 2979 279
2979 3036 223
8299 3473 279
3473 5576 144
9120 4020 279
4020 4718 149
4718 8478 166
8478 1566 117
1566 4236 32
6812 4074 279
9647 5352 279
8796 5693 279
6327 5704 279
4657 6397 279
4409 6490 279
9888 7739 279
7955 7757 279
7757 866 7
3233 9318 279
2560 9574 279
5364 167 280
1574 593 280
7562 715 280
715 2842 137
2842 9190 17
9190 3826 122
715 2043 172
2043 2416 69
2043 9404 94
2416 7201 190
7201 1081 17
9404 9982 254
9982 3538 149
3538 4398 234
4398 8493 262
1081 5964 273
5964 1459 67
5964 8863 276
4454 914 280
2293 1488 280
6560 1728 280
1728 1379 102
6545 1874 280
1874 2704 222
2704 5079 158
687 3224 280
3224 9996 182
9996 7395 165
2623 3672 280
8197 3877 280
8870 3888 280
2668 3957 280
3957 2300 23
9024 4232 280
6749 4720 280
4720 1337 184
3705 4880 280
4880 4993 216
223 4960 280
7147 5170 280
5170 6596 136
6596 2481 277
6383 8223 280
2755 9366 280
498 686 281
9326 756 281
1682 1455 281
3866 2085 281
2085 931 6
1615 2143 281
3459 2424 281
7308 3248 281
6245 4612 281
9146 6683 281
4891 7498 281
7498 5558 83
5558 1934 171
5558 3630 242
3630 3769 31
3630 839 188
7498 7154 242
1955 8002 281
8001 8516 281
4523 8685 281
1879 9284 281
7257 1288 282
1288 4098 200
5290 1430 282
1430 4560 88
834 1793 282
1793 5371 176
8045 2897 282
4275 4586 282
6405 4939 282
6653 5910 282
5773 7339 282
8407 9257 282
6628 9551 282
6723 77 283
5254 1614 283
2560 2010 283
2010 2561 173
6075 2894 283
8852 4352 283
4352 4581 185
4581 5820 222
5820 5401 98
4581 8776 235
8011 4893 283
4893 9878 211
9878 4859 258
4881 5275 283
2487 5680 283
2874 6281 283
100 6694 283
6694 2026 190
4436 9766 283
9766 820 9
9766 1545 194
820 850 260
850 6681 138
3702 442 284
1 3311 284
3311 8483 226
8483 6442 215
5998 3638 284
3638 1568 117
2278 3955 284
3955 253 154
9389 4162 284
4348 4485 284
4485 1900 30
1900 5836 261
5836 7410 108
7410 8278 125
8278 8887 108
8887 7052 47
7052 5985 56
5985 4814 50
7052 5856 107
8887 7774 142
5856 6759 254
5985 8268 261
8268 1810 243
1810 8928 223
4881 4533 284
6622 4952 284
9373 5153 284
5153 7675 58
5153 4534 135
2642 5619 284
5619 6951 136
3572 6105 284
7201 6869 284
6869 6453 33
6453 4938 29
6453 492 174
492 7370 201
7370 3488 69
6453 8010 251
8010 553 195
553 169 80
5701 7227 284
3561 9153 284
9153 8325 141
96 9203 284
9931 9555 284
689 201 285
201 9539 225
9539 4912 149
1943 1797 285
1797 8727 271
8727 3064 138
8727 5629 199
5629 375 257
608 2595 285
8587 2764 285
86 3628 285
8789 3976 285
3976 1730 257
9062 6842 285
6842 8322 100
8322 147 147
5791 7508 285
6131 7782 285
7782 2160 15
7782 4491 231
2160 8080 238
9065 7889 285
6148 8741 285
927 9927 285
9927 9718 253
7431 9998 285
9998 9561 152
7124 1300 286
7018 4699 286
8065 5059 286
9263 5583 286
5583 1019 176
1019 8955 43
8955 1413 163
8955 4055 235
5147 6086 286
6086 3932 194
7630 6214 286
6214 4688 37
6214 3430 107
4688 4849 213
7083 6349 286
6349 5489 82
5489 8910 59
8910 1881 13
6349 2254 186
2254 1525 281
1525 6606 37
5239 7396 286
4474 7617 286
2316 8698 286
8698 6157 62
6157 7366 215
8390 9642 286
9642 9731 222
9642 9019 236
9019 9482 87
9482 919 216
919 7008 32
7008 2497 286
6893 9853 286
1193 461 287
461 2110 94
3434 1440 287
5171 2206 287
2206 9189 8
4001 4334 287
4334 5903 244
4527 4481 287
585 4786 287
4786 9163 75
4786 4168 158
4786 8267 226
7405 5127 287
5127 313 187
4721 5332 287
5332 1773 115
5332 5537 207
5537 7244 108
5537 3505 191
3505 4017 123
4017 6574 93
4017 4663 214
169 7552 287
6670 9533 287
9533 3794 93
3794 9479 85
9479 6385 20
9533 3893 135
3893 1865 66
3893 8974 88
9479 2928 139
9479 8007 170
1865 359 208
359 6768 139
6768 1905 156
7857 9778 287
9778 3690 103
2950 9837 287
1808 695 288
8102 1310 288
1310 8434 75
8434 1409 148
8434 7991 225
8225 1444 288
1444 4580 17
1444 9035 219
9035 5756 44
5756 5092 14
9035 7854 75
7854 1186 92
1444 9298 236
1599 1872 288
9347 2120 288
7588 2640 288
7831 3605 288
8991 3641 288
3641 3368 50
3368 118 103
3641 4624 148
4624 5882 117
5882 9805 180
5882 3918 285
907 4075 288
7185 6009 288
6009 1041 129
2921 6496 288
5381 7961 288
7341 8228 288
4971 8969 288
6416 9580 288
9580 5175 1
9580 1222 16
1222 6030 5
6030 9594 6
1222 8141 137
2183 9734 288
3452 15 289
0 190 289
190 5330 29
934 258 289
1537 509 289
1432 2539 289
3725 3365 289
3365 2786 268
5470 4915 289
6689 5030 289
5030 130 275
130 6760 156
6760 2977 195
4626 7359 289
2255 7720 289
3639 8878 289
2165 9893 289
9893 5808 108
5808 4289 130
4289 9123 13
4289 7532 50
7532 8158 17
8158 8913 151
9893 2092 176
8158 7896 184
9361 596 290
596 7127 147
32 1411 290
9079 1639 290
5319 1724 290
2139 4061 290
4061 6171 147
1605 4283 290
6089 6045 290
6045 2258 82
178 6573 290
6573 4767 144
2128 7173 290
7173 1045 58
1871 7482 290
9621 7802 290
7726 138 291
138 8184 208
3882 673 291
5163 1188 291
1188 5726 95
5726 9697 68
1188 910 187
5726 2907 283
3045 1547 291
3387 2361 291
9026 2369 291
2369 5597 124
5597 4707 122
3257 2722 291
2722 7873 230
502 2962 291
2962 6910 247
6910 3925 180
3925 4854 197
9810 3219 291
3219 4372 84
3219 9004 99
4372 2593 147
4372 6635 245
6635 2346 111
6635 3108 231
2653 4411 291
8893 5136 291
5136 7238 221
3296 6233 291
6233 6522 16
6522 4546 44
4149 6409 291
989 6680 291
6680 837 25
837 3850 283
3850 7122 195
859 6752 291
6752 8474 290
1429 7683 291
7683 7285 77
7285 5567 73
7285 1029 183
1029 7842 24
7285 3182 213
3182 1649 49
7683 5965 226
5965 605 94
605 8053 190
8053 5620 261
5620 7096 37
8582 574 292
3608 1108 292
2361 3262 292
3262 1586 112
1630 3460 292
1359 4171 292
1175 5511 292
2486 5896 292
2051 7157 292
7157 4627 61
3475 8146 292
8146 1110 249
1110 5450 76
5450 2186 26
2629 9068 292
9068 4337 41
9068 6311 89
6311 3325 208
523 886 293
886 8116 241
9935 1612 293
1612 7032 121
1612 9571 166
7032 7025 170
7025 8051 114
4323 1672 293
1672 815 291
8777 1911 293
9206 2405 293
272 3136 293
7650 4570 293
1930 5901 293
5901 8070 10
673 7038 293
313 8072 293
4611 9713 293
8070 1158 294
3958 2813 294
2938 3865 294
3791 4695 294
4695 9771 233
9771 8227 175
9865 5444 294
5444 5536 256
5536 8173 190
8173 7235 291
5030 5475 294
8506 6175 294
298 7847 294
7847 2275 215
2275 748 86
748 6668 120
6668 9278 14
748 6296 201
6296 7176 152
2275 3766 231
748 3655 239
3655 6249 91
3766 3684 243
3684 754 263
2275 154 294
6586 7858 294
7858 8856 149
8544 8683 294
8683 1855 75
8683 4817 231
8683 1140 275
824 8873 294
4850 9758 294
9758 3581 33
3581 8365 190
8180 376 295
548 2751 295
2137 3587 295
1747 3916 295
1930 4359 295
4359 516 104
516 4641 240
4641 3870 134
3870 6031 228
1091 4918 295
5053 6292 295
9905 6454 295
7920 6505 295
107 6763 295
7038 7788 295
7788 2601 232
2601 65 138
4347 7875 295
5746 8214 295
4640 8310 295
8310 6231 96
8310 2706 189
2706 2319 46
2319 7656 124
7656 1560 168
4442 1762 296
1762 2929 199
9135 1876 296
2275 2018 296
1923 2562 296
2562 3789 200
4339 2604 296
2604 8044 62
1086 3409 296
3409 6700 266
7698 3773 296
3773 5728 102
3773 8124 201
8124 31 6
31 1805 203
1805 2888 15
2888 4044 255
465 4070 296
4070 9950 42
9950 8851 211
8828 4073 296
1290 4088 296
4088 9671 216
9671 9110 231
9621 6849 296
6849 8816 83
4115 7387 296
7387 2358 43
2358 1159 131
1159 5677 23
5677 8840 5
8840 3393 151
2580 1464 297
1847 1987 297
8694 2145 297
2952 2327 297
2327 7864 131
8161 2507 297
8578 2662 297
2212 3482 297
3482 8942 107
8942 832 238
3918 5724 297
5724 7718 73
661 5874 297
5874 7057 129
2755 7030 297
7475 7937 297
7937 9669 51
9669 8585 296
8585 8221 189
3119 8494 297
9693 9459 297
9459 8625 72
9280 4 298
1371 1264 298
2407 1528 298
9021 2378 298
5661 3010 298
118 3879 298
5224 4968 298
6063 4995 298
6174 5213 298
5213 1646 75
6004 6655 298
7831 8098 298
2284 8539 298
8907 8962 298
6913 9431 298
9431 3691 31
8050 9867 298
8325 791 299
3272 828 299
3129 2515 299
2110 3185 299
3185 2805 173
2805 1913 87
2805 5611 178
5611 966 44
5611 5307 273
7432 4930 299
6480 5258 299
2354 6207 299
6207 8168 224
4294 7826 299
3982 659 300
659 255 171
255 9537 106
659 4222 215
4222 9745 134
9537 7845 231
7845 8250 208
6749 1456 300
5798 2835 300
2835 739 143
288 3245 300
8430 3667 300
1060 4062 300
4062 665 190
9282 5181 300
3386 6194 300
1621 8710 300
7264 9041 300
6939 9113 300
7472 9379 300
7986 9715 300
4401 48 301
48 2680 68
3040 72 301
7748 459 301
459 5167 152
5167 4498 137
4498 1838 64
1838 2577 3
5990 1361 301
3166 2009 301
899 2933 301
2933 9548 249
9548 5705 4
2933 1895 275
1895 4239 56
1895 7527 160
4239 8361 161
8361 4592 133
8361 9480 213
6576 3169 301
635 4314 301
9266 4554 301
4554 9512 82
9708 4809 301
8278 6387 301
4275 6475 301
2576 7304 301
7304 7047 142
7047 9471 38
627 7367 301
7367 5846 40
5846 9783 166
8455 8615 301
4911 3584 302
3584 7377 254
9047 3642 302
3113 4244 302
4244 1643 196
5032 4890 302
4890 284 256
284 8179 6
6068 4928 302
4928 7977 71
6881 5232 302
926 5785 302
5785 7160 30
7160 3675 166
5785 1487 219
6704 9273 302
9273 7653 120
9273 7269 201
7269 9438 285
9438 7397 41
9438 6804 73
8623 3689 303
3689 5078 226
5078 8618 178
8618 8029 85
8618 9514 177
2481 5632 303
4839 8111 303
8111 5366 113
5366 6933 92
6933 109 130
8111 2536 135
6933 9066 175
2536 3497 210
7375 254 304
7309 1050 304
1050 5668 9
5668 3049 240
3049 645 73
645 1014 82
1014 6874 220
6874 8921 174
9304 2264 304
2264 24 185
24 1676 45
3768 2425 304
2425 3123 118
3123 5614 15
5614 704 271
704 7489 108
4097 3596 304
3596 5747 70
5747 9010 78
9421 4258 304
5132 4500 304
6384 5966 304
5966 1775 278
7456 6325 304
5703 7149 304
1259 7762 304
9587 8297 304
6977 192 305
7146 1320 305
754 1423 305
3145 3174 305
5498 3585 305
2144 3784 305
7923 4087 305
8415 4553 305
4030 4564 305
1808 4585 305
4585 9789 182
9789 9639 17
9789 6888 113
9639 4549 136
9789 5139 173
4549 1667 278
5682 5086 305
2953 5195 305
5195 9456 287
9456 6901 117
482 5402 305
4066 6125 305
6307 6306 305
9126 7534 305
7534 4728 270
4728 5864 238
5864 5345 228
7364 7644 305
9194 8859 305
7120 9371 305
8788 738 306
4877 1254 306
8427 2083 306
5193 2311 306
2311 294 15
1917 3946 306
6491 4473 306
3672 5606 306
4705 5615 306
5170 5854 306
2662 6762 306
6762 5766 152
6762 6703 185
6703 2379 4
6703 423 109
423 4158 124
4158 6291 178
8818 342 307
342 9497 125
342 9125 286
2867 1729 307
5116 5587 307
660 5938 307
8981 6322 307
8752 6701 307
6701 3558 67
3558 1777 240
2827 6879 307
5003 9250 307
9250 5866 85
9250 5594 146
2595 1078 308
258 1471 308
6113 1746 308
1746 4273 276
1746 8635 296
9973 3688 308
3688 1939 202
9051 3716 308
3716 4583 210
1894 3843 308
4215 5863 308
4423 5996 308
8723 8775 308
1033 9127 308
9127 1151 55
3967 734 309
8814 1870 309
5791 2396 309
2396 8903 307
8903 7694 85
8903 6050 289
6050 6841 278
6841 1662 27
6841 2073 221
2073 5428 287
8903 4973 295
4777 2768 309
5801 3100 309
4799 3577 309
3577 7155 133
3677 4147 309
6951 5575 309
7509 6162 309
704 6317 309
6317 6334 272
2414 6835 309
1199 8056 309
1816 377 310
377 7041 291
7041 4121 291
4121 7816 217
4024 842 310
842 4920 82
842 2166 231
4920 6875 299
8327 1711 310
850 1935 310
1935 4802 276
6834 3462 310
5089 3501 310
5448 3851 310
4102 6309 310
8256 8304 310
9077 8697 310
8697 4948 44
4948 7443 3
4722 2074 311
2074 6276 33
9421 2856 311
1512 5378 311
1832 5915 311
5915 9048 274
5067 8222 311
7120 9104 311
8153 9362 311
3181 9600 311
9600 8140 289
1840 172 312
5951 2461 312
7858 2970 312
905 3300 312
2170 4935 312
3257 5469 312
9640 5921 312
5883 6153 312
1816 6368 312
6368 731 112
731 4888 78
4888 9809 113
731 8642 164
8642 443 46
6368 4989 221
5522 7072 312
8214 7350 312
9918 7520 312
191 7544 312
7544 4760 220
4760 2005 194
5016 8071 312
8071 8849 226
8071 7011 306
9574 8482 312
8482 4227 144
4227 3192 2
3192 8528 106
8528 7225 154
7225 249 126
249 906 83
906 6054 197
8482 5205 228
5205 2975 170
9471 9472 312
5792 9909 312
9909 9575 62
9575 3028 230
3028 4851 134
4851 7469 159
4565 2288 313
253 5134 313
7463 6481 313
6481 9521 37
1706 7860 313
7860 2658 139
2550 1145 314
3456 1345 314
5704 2326 314
2326 6687 121
6687 6155 234
6178 2884 314
4616 3820 314
5692 4180 314
4180 1859 314
5856 4471 314
187 4942 314
3459 5035 314
5035 8066 117
8066 703 86
703 6533 70
6533 4085 11
4085 4462 240
4462 8384 3
8070 5037 314
3555 6096 314
6241 8202 314
3502 9240 314
9956 9393 314
9393 7408 154
8283 9549 314
9015 9740 314
593 1636 315
9813 3521 315
3430 3900 315
355 4414 315
2315 6083 315
6083 1452 77
6083 6400 91
6083 2401 303
2401 2903 174
2401 494 295
6083 2164 315
2164 2511 227
2164 5627 297
2511 2078 300
2078 7938 212
7938 161 165
15 7441 315
4755 8408 315
2131 8820 315
400 8837 315
3724 9043 315
3408 9449 315
1080 488 316
488 3294 72
488 2775 257
8117 710 316
7247 1148 316
1148 8770 19
8770 6360 39
8770 383 250
383 7303 234
262 1988 316
4334 2960 316
1076 3549 316
9389 4082 316
4082 5027 19
5027 8393 84
5027 8204 250
4082 7116 295
4093 5130 316
1584 5546 316
5634 6298 316
7025 6552 316
6552 5282 141
6300 6730 316
6730 4964 72
4964 8944 147
8944 2199 157
2199 7727 92
7727 1489 5
2199 1202 273
2199 1632 277
6730 6218 291
6218 3172 177
3172 4036 91
3172 2488 197
896 7792 316
2452 8965 316
8965 6140 231
6438 9064 316
4693 9252 316
5051 588 317
9715 604 317
604 6715 54
604 8943 101
604 9599 275
3590 671 317
8365 714 317
714 5945 169
8833 1708 317
8380 2271 317
341 2391 317
5570 3666 317
1377 4355 317
4355 1986 97
9724 4507 317
1880 4825 317
7806 5291 317
5291 3944 118
5594 7275 317
1515 7790 317
4349 9294 317
7290 9700 317
4001 218 318
218 5857 65
218 9741 199
5857 4225 221
3320 435 318
5590 1533 318
6210 6618 318
2102 8151 318
8151 8576 164
8576 1465 43
8668 522 319
522 2190 197
2190 2337 77
2337 441 96
2190 9604 212
2190 9615 231
9615 2899 210
7746 1784 319
913 2123 319
2123 2238 119
606 2754 319
1773 3519 319
8053 4951 319
378 5192 319
7560 6158 319
6364 6506 319
6506 2343 22
6506 1799 254
7238 6592 319
6182 8031 319
2556 8332 319
731 8369 319
5898 8902 319
1901 1233 320
120 1535 320
9338 1817 320
6994 2235 320
2235 8524 46
2235 9085 88
9085 1480 89
1480 5395 141
2235 6013 161
9085 7980 253
7980 1282 226
8524 1293 289
1480 4204 292
8856 2564 320
2564 5023 242
5023 5094 157
2979 5188 320
2939 5502 320
5269 7090 320
2831 7184 320
7184 8888 276
8888 8746 202
8746 2390 28
8746 3872 160
8616 8825 320
7980 9469 320
9469 2389 246
427 1551 321
4870 1878 321
6118 2687 321
2303 2770 321
2770 5343 255
9949 5105 321
7278 8412 321
2744 8617 321
5951 8995 321
8065 9862 321
9564 878 322
7072 1449 322
334 2568 322
2568 7712 266
5288 3179 322
677 3885 322
2597 5327 322
8946 6447 322
8944 9448 322
5868 9458 322
6092 1743 323
1743 4676 299
4676 2695 5
3302 2596 323
1294 3730 323
7602 5794 323
8053 6082 323
6082 7974 318
3147 7320 323
3083 7428 323
9396 8750 323
9232 9056 323
9056 5451 147
5451 1908 31
1908 6371 106
6371 5784 75
5451 8259 178
5451 2757 262
2757 4682 99
4682 9332 241
9332 8271 102
9332 8916 106
8271 6693 212
6693 4861 29
6693 2465 305
2465 6488 79
2465 2185 112
6488 2493 251
2185 3647 257
3647 5528 243
5528 2935 26
2935 2211 13
2935 1443 103
5528 8983 127
4682 933 309
182 9157 323
9157 4981 35
4981 6617 40
4981 1620 286
1620 6831 213
880 9516 323
1782 599 324
5609 4078 324
2622 4231 324
4231 521 191
1762 6201 324
6201 9691 108
9691 1069 21
9691 1378 74
1378 545 95
1378 1561 166
1561 8383 49
8383 9311 110
9691 4220 191
4220 7566 219
7566 8690 224
1378 7715 254
1456 6542 324
6542 8595 261
7704 8166 324
6156 8575 324
7444 8732 324
1449 9141 324
9141 9976 169
9141 8882 201
5893 9886 324
9886 9239 16
9239 8720 115
9239 5178 167
3338 401 325
401 4015 148
401 912 183
401 746 312
5065 932 325
932 3077 101
8964 1715 325
4430 1723 325
1375 2243 325
3165 2260 325
2334 2558 325
3320 4380 325
4956 4944 325
5290 5150 325
6306 5608 325
5608 693 164
693 3693 294
2227 6344 325
6247 8596 325
5559 151 326
2627 802 326
6007 941 326
941 3520 68
3520 5154 245
941 565 246
565 2709 134
1623 2268 326
2268 9093 90
9093 2446 298
4371 2830 326
2830 5920 245
7221 3026 326
3026 7279 266
383 3560 326
1662 3617 326
4868 4620 326
8407 4665 326
4665 7647 259
7864 5955 326
125 7528 326
2788 7761 326
9606 8042 326
6797 8142 326
7054 468 327
6525 583 327
4259 1107 327
1107 325 15
1616 4470 327
7951 4548 327
2796 5497 327
5497 3135 221
3135 988 200
863 5686 327
5686 7204 290
8744 5967 327
8965 6303 327
6303 1262 23
5857 9729 327
6973 9777 327
911 9887 327
4261 389 328
389 480 155
8405 1324 328
1324 314 90
6539 1609 328
5701 3595 328
3595 1098 128
4861 5066 328
9777 5386 328
5386 856 47
5386 8799 131
856 4211 280
1723 5387 328
9924 7895 328
3312 8347 328
8347 4823 107
1074 770 329
3579 1523 329
1523 5286 264
5091 1819 329
1819 8860 175
6160 2491 329
8901 8064 329
8064 3366 12
3366 8192 211
2947 8848 329
8920 1973 330
2693 2444 330
4517 2902 330
9543 3281 330
3281 176 210
176 6285 38
3281 4076 285
4629 4285 330
2438 4540 330
878 6150 330
6150 1236 219
5495 6580 330
8728 9069 330
1658 922 331
5091 1867 331
1867 9947 156
728 2380 331
2380 3701 10
3701 4108 329
4108 2712 321
2780 5700 331
5765 7313 331
7483 7348 331
8416 7783 331
239 8511 331
8511 8183 175
8511 1517 220
1517 2860 75
8511 8729 244
8729 6474 282
4357 722 332
722 7819 243
7819 1834 193
1834 5514 52
7819 4452 327
2484 1226 332
1226 9399 151
8292 1277 332
1277 1563 67
5167 3341 332
1414 3390 332
3968 4459 332
4459 6982 266
6982 4263 118
6982 9923 258
5451 4607 332
8104 5106 332
3461 6216 332
6216 4780 67
6886 7654 332
7654 8311 297
8311 4056 145
180 8038 332
8038 2620 78
4522 8086 332
8086 8790 60
876 9096 332
5451 9143 332
6659 9652 332
8518 9670 332
9670 8705 209
8705 26 224
26 8484 120
8484 4876 293
5168 1002 333
1002 5421 49
5421 7604 91
7604 8761 285
9089 1771 333
5377 2207 333
9465 2297 333
5254 3142 333
5852 3904 333
3874 4198 333
1317 4438 333
3523 7619 333
7445 9076 333
1318 9352 333
9352 8574 54
6944 9422 333
8025 385 334
385 9057 130
9057 6059 169
6969 787 334
7753 1124 334
5623 1280 334
1170 1445 334
282 2747 334
8945 4177 334
713 4571 334
4571 595 331
752 6032 334
6032 9624 266
9624 2450 26
2450 8988 58
9624 2717 272
2717 8783 204
2450 102 299
102 8579 204
2920 6619 334
6619 7186 246
6619 4803 314
7186 3807 325
3807 6534 63
3807 3887 133
3887 3146 331
3415 6630 334
2283 7346 334
5112 7827 334
9247 1657 335
1657 5968 9
4616 2427 335
2427 5385 80
5385 3080 146
3080 4384 244
2427 2229 290
867 4587 335
9558 5585 335
5003 5589 335
8108 5972 335
5972 4399 261
4399 9070 167
5972 463 295
1900 6470 335
6059 6870 335
9141 7789 335
8609 916 336
916 5155 191
5155 5830 149
5830 9111 183
5155 7940 195
7940 4752 71
5074 1120 336
8624 2677 336
2677 7097 18
2677 4112 97
2677 6323 169
7097 709 334
709 50 75
777 2801 336
2478 3131 336
6429 4026 336
4026 5449 127
4029 4113 336
4926 5520 336
5520 5581 211
4811 6594 336
9044 8565 336
1941 8580 336
8580 8914 65
9905 469 337
7081 2079 337
3603 2084 337
638 2168 337
4809 2466 337
2466 4694 121
4694 4363 18
4363 561 69
664 3731 337
3731 3819 101
3819 2672 217
6976 3858 337
9754 4447 337
8529 5096 337
801 5566 337
5566 9359 200
3276 6224 337
4934 6986 337
6986 3839 48
6986 6757 193
8092 7012 337
6096 7982 337
6168 9968 337
8241 9983 337
9983 5360 275
5360 3836 12
4167 1397 338
5266 4538 338
4472 5087 338
1137 6679 338
8159 6741 338
5071 6928 338
6928 1511 184
7247 7728 338
9335 9464 338
9464 4977 231
8635 1358 339
7499 1502 339
1502 8674 75
1502 7558 198
7558 6952 44
6952 2699 194
2699 7829 73
2090 2200 339
5759 2451 339
6503 3074 339
3074 1851 315
9480 3964 339
3886 4057 339
4057 2606 259
2606 2091 237
1385 6932 339
6932 9214 194
8777 7048 339
6019 8301 339
5147 9088 339
762 9544 339
14 737 340
925 1827 340
1827 8521 102
1827 93 310
93 6859 182
93 9807 284
9614 3089 340
579 5545 340
6400 7015 340
7015 1328 45
7015 189 259
3980 7787 340
6736 841 341
841 3685 172
841 4002 259
9234 1121 341
1121 64 235
64 9562 2
9562 6053 83
7547 3364 341
2192 5347 341
7935 6147 341
6147 5036 34
1886 6811 341
1891 7411 341
7137 8019 341
8019 8398 292
9264 8043 341
2455 8187 341
7521 8502 341
6208 8926 341
8926 4801 140
8926 1239 168
4801 2262 240
2165 570 342
570 4221 65
7210 1150 342
2254 2474 342
2474 231 186
6367 8472 342
7138 9709 342
3151 157 343
5536 2375 343
5665 3019 343
4882 3480 343
5378 3935 343
3935 2296 220
677 4063 343
4063 5454 115
5454 4257 168
4257 6472 60
4257 2585 231
2585 9071 15
9071 9791 258
9791 3985 300
7618 5472 343
3315 5540 343
3752 1548 344
9375 2504 344
5022 3405 344
9601 3852 344
530 4433 344
4433 3748 277
3748 6144 261
1339 6456 344
4945 6482 344
7805 8358 344
8358 5339 97
5339 9039 81
9039 7280 183
227 9542 344
9236 404 345
2302 2093 345
2093 3120 143
3120 1936 174
3873 3709 345
2912 3917 345
2954 4505 345
7198 5183 345
5183 2691 265
1967 5355 345
5355 59 69
59 1363 9
1363 70 45
59 9687 226
5355 2219 285
9687 5358 292
8155 6860 345
762 7084 345
4950 49 346
6453 222 346
1874 337 346
5093 569 346
569 6602 300
6602 2045 294
8565 3164 346
3164 6450 39
6450 6135 92
1055 7454 346
4981 1875 347
4765 2080 347
4371 3097 347
3097 591 20
5179 4295 347
8583 7740 347
7740 4602 126
7740 8877 152
8877 5556 31
4602 8975 267
8975 5447 170
5447 7193 53
2850 9509 347
6384 360 348
360 38 115
38 3130 119
38 6110 293
8949 2069 348
2069 5438 255
9566 2609 348
2609 2941 1
2941 2787 318
2787 8547 169
3409 5138 348
5138 8759 91
1918 6205 348
6205 2357 203
2357 6541 332
6541 8059 119
8059 3833 239
1912 7283 348
7283 7046 321
8328 8023 348
8023 4642 109
4642 9806 59
9806 6540 98
4819 823 349
4017 3635 349
3635 1458 120
1458 4492 219
1458 4003 253
1458 7259 342
4054 4300 349
743 5999 349
5999 1798 228
1128 7302 349
7302 2927 9
9364 7878 349
7878 3822 146
3083 8016 349
8016 9045 223
2394 105 350
6621 163 350
6698 1357 350
9806 2109 350
5111 2473 350
2473 2632 34
8422 3124 350
3124 1289 332
4747 4104 350
4104 6527 152
4543 5706 350
3599 6497 350
8399 1807 351
1807 9750 65
9750 4919 211
7484 3399 351
7341 3992 351
241 4672 351
2801 5083 351
6351 5085 351
8616 5543 351
5274 5875 351
5875 6917 231
2769 6136 351
4702 6716 351
5438 7711 351
3232 8500 351
386 9907 351
9079 58 352
3615 2910 352
7198 4146 352
9358 9331 352
4546 9957 352
2983 23 353
9043 156 353
2467 2411 353
5847 2575 353
3277 4137 353
4137 9781 136
4490 4351 353
1639 5214 353
5214 705 121
3236 9861 353
9121 2187 354
2187 5199 12
5199 6751 263
6751 9081 190
2000 2448 354
8903 2726 354
3775 3014 354
7142 3463 354
3463 6244 107
2485 3795 354
5020 4106 354
631 5840 354
5246 6512 354
7844 6920 354
6920 6189 33
7941 6943 354
6943 4907 238
4907 3054 165
3054 8282 103
6421 7112 354
7112 9804 198
9804 961 10
3722 8291 354
9755 1994 355
1994 4007 172
4007 2222 285
8035 2528 355
890 2989 355
2288 4512 355
8529 6394 355
1867 6776 355
6776 8504 172
6776 6897 209
5744 8456 355
7950 1507 356
1614 2119 356
2119 9552 176
9155 3336 356
3336 2347 28
3336 4040 166
8840 4610 356
6948 9354 356
1272 937 357
251 1147 357
9272 2502 357
2502 5710 144
3014 3313 357
824 3512 357
5093 3824 357
7061 4598 357
2578 5481 357
3724 6971 357
591 8216 357
1141 617 358
1359 1225 358
3455 1617 358
7838 1744 358
8290 1914 358
18 3699 358
3699 6321 21
5728 6603 358
6603 5824 248
5824 2383 335
3904 9181 358
9230 317 359
317 5549 87
5549 9353 49
5549 763 62
5549 1237 174
7683 504 359
2097 4191 359
61 4949 359
4949 3749 313
9277 5542 359
7383 5908 359
5655 6753 359
4673 7679 359
7679 4873 62
7679 4332 328
2214 8177 359
4444 183 360
4488 576 360
5656 1897 360
3540 3713 360
3713 2237 159
8557 5349 360
5349 3267 231
3267 795 149
795 5512 128
5512 958 211
958 6885 332
6885 8445 262
8445 717 227
717 8436 206
8436 2825 278
124 6187 360
6751 9262 360
7603 472 361
3435 1374 361
1098 1687 361
1243 1731 361
1731 8194 302
3959 2221 361
3690 6341 361
6341 799 46
5665 6557 361
6557 2955 89
2606 7546 361
8616 7664 361
7664 2274 188
4353 7930 361
7930 8933 88
8933 7465 108
7451 1116 362
1116 3154 279
3154 1249 184
3233 2345 362
2345 3594 163
7878 3287 362
3287 634 337
9603 3291 362
3291 3516 314
7271 4025 362
294 4713 362
4713 158 53
158 7336 264
158 5664 286
1449 6590 362
6590 5683 133
6590 209 355
2872 6636 362
122 8745 362
3544 9761 362
6579 996 363
996 2240 166
2240 7551 299
2240 5844 343
5844 4579 39
1305 1846 363
2410 4887 363
1666 5142 363
3720 5289 363
968 6161 363
4327 9228 363
8235 1977 364
7677 2398 364
8179 2518 364
1906 2981 364
9942 3068 364
3234 4725 364
1568 6184 364
280 7328 364
7354 8312 364
856 2252 365
2252 7091 150
2446 6293 365
9807 7464 365
7464 8662 64
771 9911 365
1150 1529 366
3809 2350 366
2350 4985 363
308 5671 366
5671 7571 278
820 6978 366
7124 7319 366
4088 825 367
2650 3189 367
8112 4079 367
4079 581 2
5469 4566 367
815 4998 367
5617 5435 367
5435 528 171
9436 5720 367
2187 8762 367
8762 1503 318
1503 1756 236
1756 9279 285
7824 1367 368
9063 2603 368
7387 3735 368
7323 3835 368
6624 6495 368
4598 6697 368
6697 344 250
6697 889 314
6621 7453 368
7453 419 143
8305 8499 368
1079 8689 368
509 8754 368
8754 2718 44
1134 9447 368
9447 7288 101
7288 8515 60
8515 8917 113
8917 580 191
9447 3051 198
580 8208 203
8515 6432 351
4472 1326 369
5640 1890 369
1890 4511 101
2249 3813 369
3392 448 370
886 554 370
554 503 365
1794 1332 370
723 1740 370
5290 1892 370
5931 2458 370
2034 3765 370
6744 4719 370
4719 7069 71
917 4740 370
2593 4906 370
889 6159 370
2271 8714 370
2841 1027 371
4054 2684 371
6393 2904 371
2904 6609 78
7843 4301 371
9080 4412 371
4412 9800 98
9800 6457 89
3950 5950 371
5950 2845 189
6967 6664 371
3934 7108 371
7108 2256 277
3333 7812 371
7671 7958 371
7958 4425 104
8756 1281 372
988 1408 372
1408 4420 305
5222 2433 372
3196 4708 372
9408 5280 372
5280 3928 16
3928 5741 322
9975 6436 372
4782 817 373
817 7643 258
7643 2065 86
817 6372 290
1680 854 373
5570 2675 373
6641 3017 373
8279 3095 373
3510 3204 373
4608 4373 373
5896 5025 373
2267 6219 373
1437 8171 373
4635 8633 373
7705 1028 374
3539 5250 374
5250 3942 242
3942 2784 137
3978 5374 374
4890 6251 374
6251 8026 323
6967 6546 374
4045 6772 374
1999 7125 374
6976 7207 374
7207 587 313
7207 862 346
955 8733 374
4095 5471 375
7358 7512 375
7360 8224 375
9845 9222 375
6867 162 376
4610 963 376
4986 3616 376
8314 4769 376
4769 3686 180
3686 6253 28
6253 7421 2
6253 2038 14
3686 8664 122
3686 9177 344
9177 6289 99
6289 5616 145
5616 3218 185
3218 9830 199
2038 9964 373
2379 4843 376
9164 5336 376
5336 6550 255
6550 8137 69
8137 9468 59
7360 6581 376
5307 6677 376
6677 6463 6
8696 6740 376
265 7133 376
1171 9590 376
9590 4692 114
9590 614 183
984 213 377
213 1230 32
9203 624 377
4774 1273 377
9292 1307 377
3625 1373 377
1892 2423 377
2423 8097 375
6788 3073 377
1419 3499 377
7404 3990 377
3990 980 108
1535 4077 377
4077 5842 260
212 5277 377
7282 7779 377
6401 7965 377
9882 8671 377
8472 9475 377
5870 1163 378
2319 1231 378
9306 1626 378
4977 1669 378
1669 6989 154
6641 3328 378
3328 5755 104
3328 310 357
9685 3381 378
3381 784 1
9321 3426 378
9390 3472 378
6770 4762 378
4762 1044 176
6366 5119 378
6723 8411 378
7885 8641 378
7210 1451 379
3823 1559 379
6487 4197 379
3380 7881 379
3158 9582 379
4584 985 380
985 7373 17
7373 3335 318
8845 1370 380
1370 2913 242
5932 1391 380
1391 4763 194
522 3683 380
8685 4510 380
9190 5923 380
5923 3593 82
5923 301 293
3593 5218 297
301 3253 300
3593 6163 315
6163 3067 4
1572 6721 380
6721 6402 25
6402 4520 161
6329 8767 380
9444 9000 380
9671 9078 380
8215 853 381
8877 2001 381
6099 2121 381
4675 3678 381
7702 5906 381
5906 8496 43
6847 6209 381
5134 3061 382
6059 3155 382
3155 6179 379
6179 4395 325
4395 3598 61
3399 5344 382
5344 5807 297
7146 5829 382
4965 5885 382
8798 9473 382
7124 9808 382
6575 5767 383
9557 8372 383
6050 128 384
5058 1211 384
1352 4265 384
4512 6987 384
1104 9348 384
5380 9721 384
8169 1953 385
7648 1959 385
1291 2037 385
3015 2638 385
2638 2039 164
8770 4166 385
558 8563 385
9619 3330 386
4956 3346 386
7210 3487 386
684 3829 386
7854 6318 386
6318 3118 212
3118 7517 383
3895 8904 386
8539 9114 386
4891 379 388
1011 408 388
3078 549 388
2739 1161 388
162 2348 388
2348 7737 284
7737 8448 213
6577 3037 388
3037 5208 205
4775 3400 388
825 3574 388
1063 3711 388
2487 4138 388
1189 5602 388
5602 3660 25
2640 7276 388
5783 1106 389
5916 1478 389
2675 1823 389
8011 2745 389
2745 4424 335
2739 5169 389
4042 8324 389
8324 6945 154
3803 8590 389
7152 9424 389
8306 2861 390
2861 4028 230
2708 3880 390
1860 4957 390
3904 5493 390
188 6154 390
6154 3127 49
3505 8599 390
9764 9082 390
9082 19 308
19 1217 6
1217 908 281
908 4182 389
4881 4650 391
5138 6519 391
6519 5578 374
480 1520 392
1520 4791 227
9866 4350 392
4350 353 240
3093 5588 392
2227 5644 392
7875 6419 392
6856 6498 392
6498 6941 288
4177 8734 392
8734 289 106
4744 9299 392
7717 792 393
4429 952 393
7179 2163 393
1499 3162 393
8335 4824 393
9298 5204 393
5204 4156 46
5204 9584 198
6344 5212 393
6796 5333 393
3415 6221 393
5383 6427 393
2566 7033 393
3842 3190 394
3190 6754 322
6754 6569 116
7911 4383 394
3391 6593 394
6593 9682 64
6881 7126 394
7126 6335 3
7126 4304 249
940 9055 394
2680 1065 395
2184 1206 395
1206 3600 147
904 2649 395
8608 3163 395
4868 5158 395
2644 5716 395
591 6266 395
1220 6564 395
263 7696 395
7696 1183 308
1183 5935 99
510 8388 395
11 1717 396
1717 2800 127
2800 9406 217
458 2771 396
8220 4808 396
5752 6376 396
6376 5390 53
5661 7273 396
5629 8503 396
3863 1203 397
6707 2931 397
2931 8953 372
8953 9091 144
2989 5815 397
5815 9636 238
9636 7151 75
6794 8960 397
1123 9092 397
1463 9629 397
2341 467 398
467 3485 290
4261 676 398
676 6023 201
9820 2250 398
6125 2301 398
3260 2694 398
7127 3012 398
8256 3422 398
1734 4603 398
9992 4737 398
9450 5398 398
684 5513 398
5513 6129 162
6129 6649 17
6649 5237 179
6649 6645 348
5513 6896 380
7635 5768 398
1686 5861 398
5861 4083 3
4083 9040 252
958 7381 398
7381 5902 208
7064 8079 398
3514 76 399
9969 652 399
652 1788 209
1788 6342 134
6342 2707 118
2707 1866 51
7014 2626 399
7897 6036 399
4754 6631 399
5559 6748 399
6748 8386 296
5034 6923 399
197 9744 399
9744 8005 284
7361 3653 400
5976 3965 400
3965 3030 254
3965 3609 391
5840 9244 400
9186 716 401
1031 2816 401
5531 2881 401
9080 4280 401
4280 999 214
8523 7572 401
7572 761 326
5578 8611 401
610 4049 402
4049 4931 312
4931 6399 52
8014 6265 402
1799 6960 402
1235 8439 402
9315 1344 403
4864 1732 403
1568 3022 403
619 3729 403
9795 4679 403
5325 5708 403
8400 5837 403
7415 7293 403
4279 8994 403
3321 9003 403
3651 2659 404
4619 3536 404
2586 4432 404
4432 1765 251
7989 4927 404
4927 5461 164
2641 3 405
7220 368 405
368 8830 330
8830 4151 47
5844 547 405
4277 7298 405
4863 9290 405
4362 3148 406
7561 3541 406
1851 4836 406
3570 4909 406
9004 5899 406
9789 7600 406
7600 1056 271
1056 2633 267
4363 8254 406
5381 8507 406
9449 1089 407
2034 2736 407
2379 4193 407
4193 2176 141
7142 5779 407
6780 6226 407
9594 8401 407
6112 9995 407
5541 85 408
1605 1684 408
282 1725 408
4622 2868 408
1057 4467 408
1194 7342 408
4295 8257 408
8684 9341 408
9036 4299 409
6312 4336 409
4336 299 212
8425 4536 409
5672 8313 409
8313 2208 282
1826 9641 409
6107 9875 409
9875 293 171
7185 1719 410
7717 3297 410
6563 7798 410
3143 7905 410
8483 6269 411
7036 7652 411
2110 8351 411
7920 9818 411
8634 9856 411
9856 4947 83
7820 1718 412
1718 2997 363
825 4308 412
9754 6975 412
5161 7592 412
7112 9849 412
9849 2737 196
9849 8986 208
6543 4535 413
3765 5949 413
6474 7080 413
6584 9583 413
4025 1571 414
5906 1831 414
1831 3242 183
1831 3817 203
340 3907 414
3907 8193 1
7245 5521 414
4491 7135 414
9588 1350 415
1350 6615 72
4211 4593 415
4593 3133 47
2165 5707 415
2606 6915 415
7325 7853 415
7875 9534 415
8224 150 416
9334 2957 416
5190 2994 416
578 3350 416
4956 6518 416
4180 6600 416
6600 7515 264
7296 6637 416
3942 725 417
6365 1519 417
6283 2106 417
3424 2289 417
3176 6228 417
9109 6508 417
11 6699 417
9371 6808 417
6808 7357 336
4330 8170 417
6097 8536 417
6099 9727 417
1340 146 418
7113 533 418
6187 3868 418
8487 8749 418
8686 297 419
3354 4770 419
5161 5209 419
7305 6774 419
9499 1007 420
6663 1697 420
1965 4065 420
156 5014 420
4998 5276 420
3956 7590 420
2599 7872 420
7872 3532 28
7872 2549 290
1036 2661 421
2661 5351 192
5351 1527 268
1527 2104 191
1527 9885 282
8492 3458 421
159 4192 421
7260 6230 421
1890 7691 421
5495 9345 421
9345 7384 126
2402 1030 422
4868 3754 422
3754 5060 368
2465 8148 422
2543 8164 422
1235 9204 422
1840 114 423
9504 1285 423
1285 9001 202
6528 2129 423
5866 2812 423
2812 5952 360
4841 4072 423
61 5424 423
5424 1100 98
6870 5440 423
9386 6854 423
6854 5871 59
5871 5268 411
5057 9287 423
4452 3671 424
779 3673 424
1377 7818 424
6116 8418 424
5064 868 425
7531 300 426
1744 829 426
9099 909 426
8235 3781 426
3781 3634 114
3781 1696 407
9558 4343 426
8733 4573 426
1396 5731 426
6735 6396 426
6396 3613 64
3013 7027 426
4350 7134 426
7134 8498 398
8498 5478 127
1870 8152 426
5405 8781 426
8781 4190 385
1689 9921 426
280 1425 427
1796 9166 427
9166 3484 365
3611 267 428
169 1582 428
891 1974 428
44 3565 428
4809 5326 428
5326 6906 336
1952 6379 428
2412 6651 428
6899 8265 428
1574 1970 429
1970 6294 50
6210 3889 429
420 4884 429
3338 5013 429
8654 5947 429
4617 7596 429
8180 8329 429
5262 1258 430
8698 3971 430
9490 4209 430
914 5247 430
741 8037 430
5166 9067 430
3169 9254 430
9254 8307 243
8307 8463 102
7356 3421 431
3421 460 168
7537 4628 431
9182 6465 431
8841 97 432
4961 1468 432
1056 5002 432
6031 6362 432
1019 6866 432
389 6900 432
6680 1854 433
2563 2908 433
9765 3098 433
5997 3525 433
9652 3695 433
507 5434 433
6192 5473 433
785 5924 433
4771 6758 433
1025 7208 433
9568 8938 433
7966 6845 434
6862 6984 434
6984 6227 394
8970 1274 435
3162 1485 435
2668 1640 435
9606 3491 435
7023 4595 435
205 6727 435
1511 1909 436
8640 2041 436
8610 3986 436
98 5131 436
9584 5412 436
5412 4023 158
9756 9770 436
4160 582 437
582 8665 1
582 2533 428
2275 4139 437
4139 1516 17
1516 8450 66
4139 2434 292
2747 6286 437
3145 7344 437
7344 3384 249
413 9083 437
9517 1510 438
1510 7775 305
9162 1781 438
7867 2310 438
7651 3869 438
6134 8078 438
9565 8629 438
6106 9368 438
9986 9993 438
7541 6275 439
6485 6614 439
5781 9032 439
2440 9197 439
4089 744 440
6080 814 440
2745 2352 440
2960 3085 440
2673 4064 440
7902 6278 440
6278 6274 284
2370 6452 440
6427 7953 440
795 8509 440
9603 9180 440
9180 4281 392
2830 9381 440
6140 3898 441
3654 3905 441
5574 5786 441
5786 6005 230
8959 5796 441
5796 9400 220
7951 8874 441
8874 7335 322
4985 9268 441
7287 295 442
8379 998 442
8557 7459 442
7459 3023 143
7981 8426 442
7015 9372 442
3187 3567 443
2206 5162 443
8567 6826 443
1464 7576 443
7647 9753 443
6731 489 444
3720 1825 444
1825 8396 79
3790 9241 444
9602 1263 445
8381 1389 445
1389 6946 92
6946 7343 297
7343 8068 213
5348 1557 445
3335 2538 445
8450 3787 445
4357 5621 445
6976 6388 445
5593 6682 445
470 6777 445
6777 9466 97
6777 809 201
5790 7136 445
3428 8718 445
8718 2571 296
8435 535 446
9782 2985 446
8052 5460 446
2337 1406 447
7571 3270 447
3270 5987 3
5987 7749 269
6920 3774 447
8101 5015 447
2515 8394 447
8394 6954 10
6400 8836 447
8836 4654 7
1796 8905 447
8905 252 146
9517 833 448
8677 5432 448
5432 9835 149
7838 5732 448
5732 7060 257
7060 3495 352
3495 4661 435
4661 247 14
293 6765 448
5105 8248 448
3170 3238 449
9715 7400 449
139 8652 449
2134 602 450
5989 1084 450
6251 4402 450
4402 5126 390
9248 1441 451
9319 4130 451
6267 5880 451
3229 7333 451
2820 8338 451
7186 2173 452
1668 4555 452
4555 5823 319
5599 7894 452
14 644 453
8987 2419 453
1557 5009 453
5178 8128 453
6637 9799 453
9799 8742 24
5982 1549 454
5398 5298 454
8295 5357 454
4654 6980 454
9691 9387 454
9387 2087 243
8498 957 455
4485 1234 455
4617 1392 455
4880 4307 455
4307 2752 302
2389 5413 455
3296 6248 455
6015 8178 455
9234 3410 456
3410 7045 110
7045 5876 215
5036 6220 456
4913 1665 457
4062 2846 457
9163 4004 457
1160 5234 457
6112 3806 458
3806 5263 244
3806 4858 408
1931 5110 458
5823 5221 458
5221 1085 14
1085 9844 29
4401 5227 458
5227 680 89
4241 7098 458
8417 7768 458
2046 8454 458
752 6810 459
7779 7666 459
2814 9365 459
9964 6413 460
565 9775 460
5888 9881 460
2917 990 461
1876 5879 461
2560 6742 461
7746 7330 461
7330 2579 199
3187 7871 461
3449 8339 461
6006 2824 462
8623 7056 462
3950 7240 462
7200 8212 462
3840 8612 462
4332 1768 463
7604 3821 463
3821 3226 32
4001 4240 463
7006 6484 463
6484 2021 66
2854 8036 463
2780 8552 463
6334 9895 463
3111 2101 464
4437 7808 464
7284 8034 464
7196 6824 465
6824 5423 184
1805 8013 465
8013 9894 375
2662 1067 466
314 1637 466
5608 2099 466
8046 2191 466
4532 3717 466
4271 4567 466
4567 5373 162
7101 6425 466
3945 9161 466
9161 7594 27
7594 7803 196
3342 9628 466
6451 117 467
117 8357 383
8357 7949 187
7949 6990 208
8357 7676 456
1172 3263 467
3484 4260 468
4260 9467 259
7300 4264 468
3775 4509 468
7728 5810 468
8946 9632 468
6072 3963 469
3099 5005 469
8612 5273 469
5273 7140 25
2278 1364 470
7321 2305 470
6874 2501 470
692 4051 470
625 5049 470
8798 5550 470
9021 5070 471
5070 8186 355
4202 477 472
4558 5305 472
4924 226 473
3788 2540 473
5864 2689 473
3148 5431 473
5431 5954 197
5954 2054 164
322 6553 473
7479 6830 473
6849 7053 473
8764 1009 474
6037 3953 474
3953 8794 187
4461 4466 474
3897 2113 475
2113 2435 147
2435 6382 117
2113 6669 270
6669 5244 187
2205 3939 475
6673 6535 475
5495 1467 476
1467 2834 36
1467 4033 267
1467 9762 349
2089 2140 476
7956 2149 476
5529 2285 476
4217 1983 477
5892 8947 477
9153 9827 477
9827 3282 135
9827 2156 202
3282 601 299
5578 986 478
526 5128 478
820 6340 478
6340 9289 339
1428 250 479
3596 711 479
9057 3420 479
8393 4734 479
5582 6729 479
6729 2381 48
7263 7954 479
6617 2858 480
2858 2851 417
8071 7577 480
4791 7615 480
8361 7565 481
9404 8076 481
2294 8244 481
8222 9620 481
6183 5573 482
1015 7877 482
7405 8769 482
8769 4345 100
6722 3779 483
1959 6601 483
9672 2299 484
3244 4683 484
3908 5648 484
8503 8990 484
4980 9169 484
1795 9356 484
6921 6132 485
8177 6145 485
1314 6164 486
5065 6510 486
6510 6287 46
6287 1933 335
5365 8157 486
8157 4396 16
704 9515 486
1658 240 487
4541 4576 487
4576 5942 57
1319 81 488
4061 3348 489
4817 3981 489
711 6819 489
6819 9328 148
985 9151 489
2405 882 490
8690 4484 490
7831 4789 490
1496 5143 490
2704 5930 490
5930 5757 381
4452 7769 490
911 2245 491
9378 2592 491
329 104 492
3215 3042 492
364 3417 492
3417 6769 55
9402 1869 493
3106 1966 493
8607 4254 493
4254 2916 37
6687 4328 493
4469 6386 493
1442 8009 493
5809 9596 493
4765 1287 494
2604 2228 494
9614 3180 494
9075 5591 494
8556 8581 494
1945 1372 495
8974 2496 495
5707 2588 495
226 2758 495
2758 8464 261
5235 1494 496
2122 3371 496
7281 1207 497
9879 5979 497
4846 6764 497
6764 5714 27
9723 7255 497
3319 8540 497
2672 331 498
3208 4743 498
1875 6418 498
6418 1850 429
2505 6872 498
6162 1753 499
2816 2772 499
3552 2828 499
781 8532 499
758 361 500
911 982 500
8832 2776 500
5299 8613 500
8613 2924 335
7521 8934 500
8934 5021 108
1387 2468 501
9551 3733 501
1611 6737 501
6440 9023 501
5071 9683 501
6392 1168 502
8309 6814 502
9949 9323 502
7109 3466 503
354 4465 503
2909 1436 505
1436 7436 336
8910 3580 505
7609 6961 505
6961 3973 283
763 7040 505
4300 7804 505
2614 894 506
3838 3811 506
8036 3875 506
3875 7904 35
274 1368 508
846 3692 508
3478 6549 509
4313 7764 509
3213 3474 510
271 5568 510
7174 5909 510
9491 6319 510
7208 6461 511
1538 5725 513
2361 7682 513
9459 9828 513
7359 142 514
142 6959 69
3552 5977 514
7905 8525 514
5595 9711 514
8620 3317 515
5721 4456 515
2778 5770 515
3675 6012 515
5320 6876 515
6004 8285 516
9990 4317 517
2798 5019 517
9165 8286 517
8286 5090 190
8286 7523 339
8474 1066 518
4105 4648 518
2274 7270 518
642 668 519
2772 6069 519
8133 7414 520
1347 8087 520
2294 243 521
3634 1256 521
1256 6206 58
4162 7214 522
4333 7374 522
8751 1118 523
4068 2395 523
1488 123 524
6022 848 524
2478 1412 525
2022 2404 525
2404 6789 384
2031 6844 526
6844 4428 322
1184 4174 528
1248 5043 528
7461 7563 528
6592 765 529
765 119 371
8386 5124 529
4603 9668 529
9668 8209 306
8604 177 530
6913 4453 530
7843 4741 530
9217 4972 530
7068 5776 530
1714 3643 531
2303 84 532
84 3508 512
7655 8855 532
5067 2809 533
1779 4831 533
4186 5833 533
3620 9238 533
65 813 534
468 8918 534
6249 2153 535
9632 5986 535
6996 199 536
5060 845 536
3897 4756 536
2571 9031 536
4966 2969 537
7166 4133 537
8015 4572 537
28 8150 537
4120 2202 538
4322 5302 538
904 5646 538
8689 8570 538
126 4647 539
4647 6339 197
956 6894 539
6119 8807 539
4924 208 540
3202 3815 540
9607 9128 540
6372 6620 541
1286 6719 541
1091 7585 541
8511 9430 541
1975 1311 542
2437 2643 543
4770 3952 543
2484 7340 543
7283 9427 543
5988 9742 543
4432 1071 544
8075 2763 544
2763 3358 213
7514 3901 544
8888 5024 544
2071 7121 544
8681 9225 546
1632 2141 547
2605 2557 547
2557 6120 27
6815 47 548
47 8766 498
1273 2625 548
2625 1506 374
9700 3721 548
7498 6108 548
8868 7548 548
7548 9050 143
1401 9178 548
2538 9595 548
5146 4724 549
4801 4941 549
4107 7181 549
7654 7327 549
6839 1588 550
3329 7987 550
3942 8047 550
6529 399 551
399 3092 98
5894 2376 551
2346 6520 551
6520 9871 251
6568 8559 551
4737 1678 552
1424 2138 552
1238 4621 552
4913 5279 552
660 6081 552
9961 356 553
3762 1415 553
731 2409 553
1835 2682 553
240 5799 553
2403 5295 554
6474 7516 554
7516 4123 194
3024 4000 555
9405 7299 555
5981 8340 555
8092 9074 555
1368 9553 555
9553 1093 45
8676 9801 555
5968 3153 556
5028 9208 556
9208 2988 103
4552 6195 557
8132 7743 557
4362 8701 557
2075 2108 558
361 3649 558
2972 2167 559
3085 1454 560
9161 5455 560
3525 8827 560
7267 429 561
2591 3737 561
4739 6273 561
1669 9872 561
1298 1026 562
7817 2853 562
2853 2870 189
564 6165 562
4372 7493 562
9292 278 563
7961 3993 563
7064 4677 563
4677 8120 197
2330 392 564
6105 7587 564
7799 1114 565
9947 6891 565
1710 9060 566
795 4080 567
3593 4878 567
2512 3396 568
3396 5196 142
1449 700 569
2062 1024 569
6778 1384 570
4863 3989 572
2566 8130 572
7275 8784 572
6606 2431 573
6489 3265 573
9785 4145 574
5356 6877 574
8529 9486 575
3634 3799 576
5098 9103 576
8682 855 577
8459 1105 577
1932 1845 577
8023 898 579
898 5114 345
3316 7575 579
7575 4212 173
4620 7620 579
9617 1125 580
1460 8553 580
8350 1010 581
1010 2286 433
7920 8476 582
3440 8308 583
1700 8240 584
3927 1704 585
2727 5795 585
7490 6851 587
5085 363 588
2785 9690 588
4451 7297 589
5407 3398 590
4244 5490 590
9650 9684 590
5606 808 591
9585 873 591
8540 3259 591
8505 9661 591
6215 1271 592
5450 3241 592
6051 5679 592
7936 706 594
2769 4116 595
7628 5948 595
945 8513 595
8513 343 271
1419 3511 596
1810 5485 596
5184 5718 596
9111 4698 597
5839 5283 597
912 7968 597
1936 479 598
7035 6555 599
1287 2399 600
285 649 601
164 2864 601
5656 3379 601
1637 67 602
755 4889 602
7805 7910 602
9884 1038 603
3579 3994 603
2211 4869 603
6577 7752 603
6005 6494 604
7716 7882 604
7827 9167 604
3855 474 605
5963 1581 605
1581 5843 241
5843 7629 141
5582 6001 605
3301 6424 605
6424 2681 481
1954 8428 605
1328 1224 606
2973 6805 606
2632 1558 607
1558 9917 589
6762 9774 607
4055 1836 608
8340 1303 609
567 3160 609
3160 2569 278
5215 4674 609
5750 7507 609
666 232 611
232 7372 35
1865 5101 612
7683 3243 613
8758 5917 613
5917 5418 138
3557 8998 613
2243 2956 614
4040 5645 614
8477 6408 614
5333 6964 614
3685 2865 615
4155 2808 617
2710 6437 617
5449 8884 617
4745 6662 618
7888 816 622
8594 893 622
6556 9453 622
2234 7689 623
5819 9183 624
1552 237 625
6337 6169 625
1294 8924 625
5310 3050 627
7482 3783 627
7985 4723 627
1245 7203 627
2946 8073 627
8958 2934 628
70 7967 629
7232 2056 630
3440 9938 630
824 9501 631
1687 1555 632
9791 3805 632
2141 7637 636
2647 9567 636
3842 780 637
2078 836 637
4651 3059 639
4364 5822 639
1927 6263 640
582 7988 640
401 281 641
816 7526 641
333 4278 642
3860 5859 642
2776 3529 643
2343 3700 643
7358 2765 646
437 7088 646
9833 8968 647
1439 675 648
675 1811 490
8581 4712 649
5411 4800 650
9052 2328 652
908 2993 652
4913 5943 652
5676 5764 653
5971 5835 654
5835 4486 571
9492 5561 655
6411 9838 655
7684 7661 656
2845 4575 660
3060 5872 660
9486 7246 660
2371 7795 660
9273 7143 663
7483 1448 664
7164 1382 665
4766 264 666
1309 347 666
9699 111 667
475 8659 667
25 7403 668
3376 7256 669
3222 8326 669
4544 1603 670
8990 3710 670
591 518 671
3483 3038 671
1924 436 672
7084 3072 672
7282 7243 672
2821 3370 673
3828 3604 673
1643 3569 675
7739 4464 675
612 4537 676
8509 5372 676
8337 3340 677
4485 9633 677
4386 9678 677
3951 2879 679
67 9346 679
5107 8900 680
3371 4092 681
5994 5367 681
3338 7540 682
4025 9812 682
721 620 683
1731 2791 686
1366 537 687
5434 8199 687
8199 1733 359
7375 698 688
1525 1006 692
2372 4797 698
4236 8558 698
4036 9829 699
8614 5241 700
6564 5176 701
2901 259 704
1912 9005 704
860 3220 705
3926 8655 706
5513 8980 707
5412 46 709
4843 6728 709
3908 2741 711
5957 9656 712
8560 3697 713
4307 8747 713
9882 9692 713
801 1786 714
5540 9503 715
7477 8217 716
5380 1830 718
8621 2393 718
7079 621 720
4257 9679 720
7242 3999 721
7523 9746 721
6159 312 723
8595 4976 724
5419 1893 725
4283 8755 728
4491 5618 729
2537 7744 729
392 7850 729
1859 8114 729
6571 9703 729
8450 8360 730
9391 7834 735
4160 8095 735
5047 185 738
7093 3109 739
1315 6172 739
6079 3592 740
8349 7117 742
9989 2657 745
5042 2833 748
2833 8600 279
9712 6434 749
6253 4021 752
1046 9245 753
6437 8162 754
3172 1951 755
4945 1250 760
7111 6065 771
185 2339 774
3348 9841 774
1114 7446 775
5641 2552 779
2899 3057 780
5211 2940 781
6477 5316 786
6656 9675 787
676 6250 791
2501 9211 792
3360 3796 794
2063 1985 795
588 3207 796
7413 3542 798
1144 8925 798
8925 1313 33
8836 2126 799
7199 4434 801
6865 4805 801
7636 7254 803
7044 9651 803
4515 4060 805
3024 6598 806
9 4183 807
3424 9042 808
7724 9496 808
4345 8410 814
6550 972 815
1298 4410 815
6272 5758 827
2217 153 830
9213 2266 832
758 1737 834
6569 7095 835
7995 69 839
5329 2655 845
8041 3152 849
3974 1068 865
6533 1201 869
3940 9824 870
2181 3575 872
2321 5654 874
6491 1727 878
7739 2531 878
2728 6823 880
6003 21 884
4300 9747 885
8500 9554 889
3703 5850 891
8856 9357 920
8595 68 927
3821 2196 931
7117 6605 938
7835 4148 942
9462 1748 956
8949 6094 975
7224 3884 977
5930 4448 977
5583 2967 988
7966 5474 992
9889 1596 1000
Total MST weight: 1986988
Execution time: 4.25223 ms

Equal total weight (Kruskal vs Prim): Yes
Kruskal time: 2.61965 ms | Prim time: 4.25223 ms
